0.0039809,0.0058099,0.0083436,0.0054514,0.0051448,0.0092161,0.0022993,0.0046408,0.0037114,0.0099144,0.0037653,0.0031805,0.0056019,0.0050198,0.0083139,0.0089636,0.0027013,0.0065646,0.015865,0.011245,0.0098536,0.0088734,0.0047664,0.010113,0.013975,0.006165,0.012396,0.0037347,0.0060251,0.0044248,0.014189,0.0049521,0.0051015,0.015604,0.009318,0.0052581,0.002754,0.0075648,0.0048705,0.013807,0.003177,0.0034086,0.009819,0.015843,0.010896,0.0056583,0.0049762,0.005842,0.0086275,0.01097,0.011719,0.0061502,0.0056729,0.0056487,0.0059485,0.0099758,0.0022265,0.0095572,0.0057814,0.008421,0.011127,0.0081687,0.011675,0.007278,0.011074,0.0060845,0.011201,0.0034777,0.0014159,0.0024275,0.0071016,0.011866,0.0089842,0.0026705,0.0089675,0.0098582,0.0017042,0.0030674,0.0055568,0.0039091,0.0026171,0.0047154,0.0086099,0.0050464,0.012763,0.0045053,0.0054297,0.0088454,0.0057539,0.0031941,0.0063985,0.0075848,0.012605,0.0069469,0.0035608,0.014062,0.0082749,0.015515,0.0020844,0.0035787,0.0078871,0.0071967,0.009611,0.0044577,0.016769,0.013254,0.007916,0.0042762,0.0034963,0.010461,0.0066152,0.0063305,0.0078571,0.021269,0.0075009,0.016446,0.0028983,0.0051423,0.0040433,0.013548,0.0041077,0.0070476,0.0055871,0.0090839,0.0062897,0.011045,0.0058757,0.0020232,0.0046692,0.0019292,0.0037509,0.038111
0.0046562,0.0064946,0.0088544,0.0052348,0.0043018,0.0078899,0.0024262,0.0043619,0.0053651,0.009549,0.0048475,0.0038912,0.005946,0.0060742,0.0090135,0.0087212,0.0033316,0.0066549,0.012046,0.0098695,0.0094327,0.010273,0.0036415,0.0085758,0.013791,0.0058426,0.0061187,0.0041813,0.0061436,0.0060517,0.010911,0.0051563,0.0053796,0.015364,0.0098642,0.0076618,0.0036193,0.0075555,0.0044617,0.016285,0.0022164,0.0036663,0.011359,0.016988,0.0082716,0.0048923,0.0051557,0.0053584,0.0082309,0.010743,0.011755,0.0071487,0.0065288,0.007523,0.0044222,0.01027,0.0028582,0.0092903,0.0049287,0.0073676,0.01167,0.011896,0.011044,0.0081575,0.01093,0.005996,0.01133,0.0040286,0.0018433,0.0029085,0.0087682,0.012063,0.0089598,0.0031469,0.0091635,0.0091304,0.0015426,0.0035782,0.0066735,0.0046525,0.0034314,0.0054236,0.0075859,0.0053435,0.012796,0.0050195,0.0046913,0.0086423,0.0059401,0.0042579,0.0071342,0.0072335,0.013209,0.0069156,0.0041772,0.013397,0.006626,0.013821,0.0028625,0.0030814,0.0068572,0.0066988,0.0083703,0.004656,0.017717,0.01406,0.0059192,0.0031572,0.0033817,0.011671,0.0050722,0.0060548,0.0082331,0.021947,0.0060477,0.014258,0.0036958,0.0051984,0.0064381,0.012785,0.0038715,0.0063458,0.0053416,0.0085949,0.0073287,0.011151,0.0054808,0.0024488,0.0042749,0.0021356,0.0041145,0.038808
0.004128,0.0067032,0.0079793,0.0060679,0.0042286,0.0085788,0.0021928,0.0040444,0.0035388,0.010383,0.0040602,0.003465,0.0063855,0.0050146,0.0087996,0.0108,0.0026159,0.0068079,0.015396,0.0093936,0.010149,0.0090045,0.0042183,0.010926,0.015802,0.0056136,0.01129,0.0036083,0.0064086,0.0046991,0.014698,0.0052615,0.0050197,0.016706,0.010585,0.0046771,0.0029428,0.0065004,0.0045822,0.015448,0.0033863,0.003041,0.0092775,0.01534,0.0091378,0.0050869,0.0056049,0.0059618,0.0092824,0.011419,0.012355,0.0050677,0.0057919,0.0056794,0.0045426,0.011375,0.0021459,0.0084613,0.0048621,0.0087905,0.011468,0.0084248,0.011159,0.0074818,0.010946,0.0066469,0.012661,0.0044237,0.0013058,0.0021447,0.0063645,0.011553,0.0078939,0.0026776,0.0093474,0.010403,0.0017065,0.0034164,0.0056713,0.0043814,0.0028292,0.0054488,0.0076229,0.0051276,0.012404,0.0037964,0.0052707,0.00732,0.005377,0.0024854,0.0063976,0.0067918,0.013007,0.0074529,0.0036743,0.01375,0.0071367,0.015081,0.0020963,0.0029492,0.0067633,0.0060096,0.0090151,0.0049935,0.018285,0.013416,0.0082434,0.0037564,0.0035136,0.012233,0.005929,0.0069995,0.0069806,0.021658,0.0079111,0.017329,0.0029357,0.0059893,0.0045415,0.016235,0.0035159,0.0076632,0.0053947,0.010027,0.005831,0.011076,0.0061956,0.0021166,0.0040251,0.0014926,0.0032685,0.03523
0.0035221,0.0060938,0.0075905,0.006005,0.0051385,0.0092696,0.0025243,0.0042823,0.0037029,0.011449,0.0041766,0.0033226,0.0062697,0.0047192,0.0085174,0.0094597,0.002625,0.0069331,0.014925,0.0096007,0.010165,0.0096104,0.0048465,0.01111,0.01374,0.0047914,0.010181,0.0039097,0.0057752,0.0045851,0.013903,0.0047004,0.0042502,0.01389,0.0091535,0.0047609,0.0034696,0.0062546,0.0045071,0.015251,0.0032147,0.0031871,0.0098563,0.015794,0.0085925,0.0043487,0.0047455,0.0064965,0.0085207,0.010344,0.013976,0.0060416,0.0059139,0.0059463,0.0054234,0.012019,0.0021461,0.0089639,0.004038,0.0074452,0.012601,0.0099165,0.011804,0.007626,0.010827,0.0060967,0.010687,0.003616,0.0016105,0.0020108,0.0056385,0.010676,0.0081276,0.003327,0.0086101,0.0094818,0.0020248,0.0032688,0.0057458,0.0046446,0.0021052,0.0052763,0.0081368,0.0045449,0.01368,0.0039175,0.0048972,0.0075633,0.0062067,0.0022676,0.0064662,0.0063712,0.011753,0.006359,0.0034255,0.01516,0.0081784,0.016575,0.0017072,0.0026981,0.006403,0.0068773,0.0098352,0.0047839,0.017447,0.014451,0.0078434,0.0033844,0.0038904,0.011512,0.0055671,0.0059827,0.0081132,0.02139,0.0078686,0.017974,0.0032751,0.006318,0.0051893,0.015476,0.0041556,0.0074206,0.0057309,0.0097159,0.0067697,0.011489,0.0056624,0.0017332,0.0043677,0.0018344,0.0035643,0.04235
0.0037813,0.0066944,0.0074774,0.0047842,0.0052662,0.008872,0.0021636,0.0042017,0.0043037,0.0092723,0.0043285,0.0036482,0.0057513,0.0049869,0.0082594,0.0091058,0.0030546,0.0072627,0.013827,0.010175,0.0095936,0.0094398,0.0047806,0.0085514,0.013017,0.0051866,0.0078651,0.0043897,0.0061545,0.0042994,0.014194,0.0058923,0.0043326,0.018211,0.011573,0.0048818,0.0035312,0.0059054,0.0046043,0.016536,0.0032407,0.0035495,0.0099384,0.016939,0.009882,0.0049877,0.0048213,0.0057374,0.0090838,0.011212,0.011371,0.0042401,0.0058871,0.0063586,0.0045261,0.012107,0.0021418,0.0092111,0.0047147,0.0093095,0.012332,0.0089169,0.0098265,0.0066272,0.010775,0.0056794,0.011355,0.0040341,0.0019914,0.0028076,0.0076946,0.015288,0.0099007,0.0028364,0.0091276,0.01115,0.0022271,0.0035929,0.0055996,0.0039729,0.0028901,0.0047914,0.0098088,0.004368,0.012456,0.0034448,0.0045133,0.006797,0.0063542,0.0027611,0.0068561,0.0074921,0.01313,0.0064689,0.0035767,0.014684,0.0078437,0.01763,0.0021594,0.0031222,0.0069137,0.0069049,0.0099679,0.0050695,0.016514,0.01325,0.0064099,0.0031067,0.0031914,0.014654,0.0076476,0.0062426,0.0075915,0.02022,0.0074541,0.017004,0.0030514,0.0054406,0.004428,0.014955,0.0047179,0.0063572,0.0050063,0.0076701,0.0052617,0.0098476,0.0073318,0.0024621,0.0038628,0.0016599,0.0037309,0.035779
0.0033311,0.0053726,0.0082108,0.0059436,0.0065734,0.0089039,0.0020932,0.0042832,0.0030259,0.0097682,0.003664,0.0026357,0.0052186,0.0046662,0.0085757,0.0077905,0.0029235,0.008934,0.014758,0.010163,0.011061,0.0093597,0.0058043,0.0085829,0.014709,0.0041501,0.0088833,0.0037299,0.0048044,0.0038404,0.013627,0.0060068,0.0042092,0.015818,0.0097446,0.0049734,0.0030072,0.0060818,0.0051048,0.013569,0.0028069,0.0023762,0.0089856,0.01875,0.011135,0.0048326,0.0046339,0.0068479,0.0080372,0.0091021,0.011632,0.004307,0.0061782,0.0059626,0.0041722,0.0087676,0.0019456,0.012196,0.0042199,0.0085624,0.010896,0.0087031,0.010772,0.0076393,0.011955,0.0064924,0.011296,0.0040341,0.001675,0.0019161,0.0077155,0.014824,0.009957,0.0028225,0.0090909,0.010745,0.0019021,0.0035846,0.0044624,0.0039177,0.0022841,0.0048964,0.011178,0.0056288,0.013112,0.0034857,0.0050507,0.0081784,0.0075142,0.0023609,0.0060634,0.0068065,0.013729,0.0058043,0.0033487,0.013457,0.0082131,0.019989,0.0015791,0.0024685,0.0059055,0.0056803,0.013121,0.0061283,0.016921,0.013258,0.0064161,0.0035023,0.0037767,0.015306,0.0070493,0.0057368,0.0076404,0.019535,0.0090151,0.014597,0.0032299,0.0053243,0.0048337,0.015386,0.0038438,0.0062469,0.0062357,0.0093502,0.0054466,0.010971,0.0078482,0.0028275,0.0047812,0.0015811,0.0030828,0.03652
0.0026873,0.0051554,0.0061457,0.0057055,0.00627,0.010107,0.0028466,0.0044456,0.003191,0.0097798,0.0034725,0.0029612,0.0060088,0.0048732,0.006081,0.0087121,0.0026377,0.0084052,0.017251,0.010888,0.010772,0.0076833,0.005799,0.011238,0.01486,0.004879,0.011321,0.0035062,0.0043595,0.0031093,0.015302,0.0061003,0.0047484,0.019809,0.0094785,0.0052748,0.0031289,0.0060424,0.005419,0.016056,0.0034719,0.0024838,0.0087253,0.016717,0.012374,0.0051557,0.0045338,0.006916,0.0073393,0.0087594,0.010785,0.0038057,0.0055704,0.0059209,0.0051673,0.010139,0.0021586,0.010481,0.0055346,0.0088899,0.011164,0.0077789,0.012231,0.0063909,0.011785,0.0056711,0.0107,0.0041997,0.0016632,0.0021791,0.007975,0.016341,0.0096675,0.0034169,0.0080394,0.012,0.0016631,0.0036516,0.0044172,0.0033665,0.0020774,0.0046476,0.011168,0.0060631,0.010672,0.0036891,0.0055899,0.0062777,0.0065025,0.0019296,0.0065124,0.008188,0.013209,0.0061525,0.002833,0.013106,0.010167,0.020042,0.0018818,0.0028194,0.0059932,0.0059659,0.013706,0.0059585,0.012937,0.010893,0.0083523,0.0040274,0.0034113,0.01495,0.0076896,0.0050489,0.0070641,0.01656,0.01073,0.016313,0.0028904,0.005782,0.00391,0.014895,0.0046696,0.0075273,0.0060031,0.01015,0.0043129,0.0093189,0.0084276,0.0026993,0.0049837,0.0018737,0.0033827,0.030303
0.0029865,0.0051531,0.0060971,0.0048593,0.0057303,0.0084592,0.0022329,0.0041834,0.0038475,0.010767,0.0040655,0.0034456,0.0071269,0.0050923,0.0061163,0.011466,0.0023183,0.0086506,0.015228,0.008515,0.010864,0.0067967,0.0058631,0.010332,0.014337,0.0044767,0.011106,0.0031054,0.0063007,0.004172,0.015822,0.0056513,0.0044214,0.017446,0.012351,0.0059145,0.0030672,0.0051457,0.0046364,0.014579,0.0036386,0.0031043,0.0075039,0.016374,0.009884,0.0046542,0.0047664,0.0071694,0.010113,0.010906,0.012486,0.0045583,0.0045426,0.0047579,0.0038469,0.011823,0.002088,0.01058,0.0047708,0.009873,0.011388,0.0075219,0.010837,0.006536,0.011126,0.0065741,0.013881,0.0040811,0.0015444,0.0019084,0.0069288,0.014867,0.0091867,0.0026208,0.0080212,0.011801,0.0024018,0.003331,0.0047658,0.0043141,0.0021749,0.0055565,0.010314,0.0056079,0.011389,0.0038736,0.0050217,0.0061977,0.006921,0.002534,0.0054802,0.0071083,0.011895,0.0060579,0.0035847,0.012406,0.0079389,0.02078,0.0019067,0.0032146,0.0068634,0.0070135,0.010529,0.0056338,0.014505,0.010906,0.0073841,0.0039485,0.0031817,0.014732,0.0071723,0.0070413,0.0058974,0.020654,0.0087421,0.01604,0.0023345,0.0065066,0.003933,0.019428,0.004811,0.0069061,0.0056723,0.0087717,0.0055999,0.010442,0.0077933,0.0024404,0.0040592,0.001423,0.0032697,0.0326
0.0030103,0.0056607,0.0062149,0.0057018,0.0058294,0.0090727,0.0023174,0.0043665,0.0032127,0.011748,0.0038621,0.002739,0.0068812,0.0053488,0.0068308,0.0096099,0.002739,0.0086067,0.015518,0.010234,0.010577,0.0077371,0.0056381,0.01237,0.013625,0.0046276,0.011523,0.0045968,0.0064452,0.0040624,0.014512,0.0050695,0.0039669,0.014528,0.010784,0.0039412,0.0029221,0.0062074,0.0051311,0.01388,0.0032461,0.0024553,0.0076221,0.015533,0.0095533,0.0048031,0.0047139,0.0079469,0.0090127,0.010519,0.013884,0.0058027,0.004948,0.0054402,0.0052158,0.010277,0.0018101,0.0096503,0.0040733,0.0082386,0.012532,0.008484,0.012468,0.0077762,0.011855,0.0061212,0.011925,0.0040591,0.0016431,0.001932,0.0061492,0.012964,0.0071141,0.0030773,0.008333,0.010274,0.001934,0.0034137,0.0045737,0.004978,0.0022578,0.0053718,0.0097099,0.0051861,0.013051,0.0038143,0.0062351,0.0084314,0.0066069,0.0020206,0.0057155,0.0066791,0.011549,0.0059641,0.0037284,0.013264,0.0085781,0.019346,0.0019843,0.0032217,0.006006,0.0061998,0.011181,0.0055296,0.015112,0.01153,0.008403,0.0036972,0.0043962,0.01342,0.0064145,0.0065223,0.0070979,0.019819,0.0094896,0.017329,0.0033792,0.0056167,0.0050195,0.017286,0.0038933,0.0080342,0.0060354,0.009598,0.0061114,0.010459,0.0066946,0.0019954,0.0042477,0.0014402,0.0030079,0.034319
0.0042526,0.0067659,0.0088437,0.0053945,0.0033839,0.0070724,0.0022177,0.0040156,0.0035079,0.0091833,0.0049894,0.0036165,0.0053045,0.005875,0.011278,0.0089663,0.0025462,0.006382,0.011019,0.0084938,0.009769,0.012276,0.0033926,0.0088406,0.013854,0.0049613,0.0073273,0.0037409,0.005934,0.0057663,0.011592,0.0046753,0.0041026,0.012908,0.0091411,0.0043211,0.0035832,0.0067676,0.0036023,0.015061,0.0023606,0.0032348,0.010242,0.016205,0.0077437,0.0041388,0.0049831,0.0048037,0.0091874,0.010836,0.012687,0.0061155,0.0076498,0.0062647,0.0040427,0.011979,0.0020294,0.0097381,0.0036063,0.0062121,0.012709,0.013356,0.009856,0.0079479,0.0098026,0.0072469,0.012758,0.003795,0.0012739,0.0018246,0.0056284,0.010579,0.0071119,0.0032325,0.0085718,0.0082763,0.0017263,0.0037044,0.0055814,0.0055713,0.0024485,0.0055265,0.0070672,0.00532,0.015271,0.0033066,0.0053946,0.01037,0.0073,0.0029311,0.0067533,0.0064079,0.014712,0.006792,0.0045464,0.015823,0.0057642,0.01554,0.0023263,0.0031836,0.0059034,0.0069072,0.0069265,0.0043279,0.021369,0.016025,0.0057981,0.0036044,0.0049698,0.01261,0.0049152,0.0057177,0.0080598,0.022869,0.0071305,0.017017,0.0042167,0.0061255,0.0069264,0.015876,0.003836,0.0068053,0.0062392,0.0095169,0.0076832,0.01273,0.0055384,0.0018929,0.0034556,0.0013858,0.0034992,0.044003
0.0030281,0.0049488,0.0058648,0.0032527,0.0036723,0.0098386,0.0018462,0.0041819,0.00458,0.007417,0.0045846,0.0040788,0.0073567,0.0056255,0.0071381,0.0092694,0.0028606,0.0061548,0.018196,0.0092502,0.012622,0.0066591,0.004455,0.012024,0.013062,0.004709,0.011845,0.0040386,0.0067605,0.0032458,0.016361,0.0057713,0.005487,0.018123,0.010785,0.0052544,0.0020636,0.0057991,0.0051541,0.017022,0.003477,0.0031203,0.0076461,0.016167,0.0095169,0.005209,0.0040431,0.0060785,0.0081183,0.010638,0.013659,0.0044136,0.005212,0.0056981,0.0046825,0.012178,0.0018033,0.0095008,0.0055699,0.010762,0.014031,0.0079342,0.0071763,0.0059995,0.015517,0.0067933,0.011905,0.0042997,0.0011785,0.0020151,0.0062782,0.011781,0.0092143,0.0020443,0.0089997,0.012919,0.0020184,0.0027431,0.0042721,0.0059153,0.0024775,0.0062182,0.0090464,0.0039065,0.01412,0.0047951,0.0040056,0.0082177,0.0066488,0.0019911,0.0065012,0.0068722,0.010608,0.005996,0.0027937,0.014066,0.0056968,0.018645,0.0016608,0.003139,0.0073283,0.007559,0.0071436,0.0043834,0.018383,0.013427,0.0074389,0.0029315,0.002911,0.01238,0.0073476,0.0071415,0.0066117,0.023082,0.006431,0.016447,0.0028083,0.0053442,0.0041036,0.021195,0.0051289,0.0048885,0.0062561,0.0063517,0.0057421,0.0080896,0.0067315,0.0020867,0.0044028,0.0014818,0.0036445,0.038477
0.0036153,0.0063909,0.007055,0.0058518,0.0048418,0.0084308,0.0020871,0.0040941,0.0036674,0.011233,0.0046743,0.003077,0.0061415,0.0051383,0.0076684,0.011169,0.0027333,0.0081068,0.013523,0.0089864,0.010088,0.0088251,0.0048334,0.010982,0.014505,0.005831,0.01176,0.0039012,0.006387,0.0045,0.01483,0.0053561,0.0050511,0.017692,0.011287,0.0039697,0.0027312,0.005986,0.0040793,0.015833,0.0034796,0.0032488,0.0080323,0.014832,0.0091116,0.0039962,0.0050079,0.0069634,0.0086147,0.0096572,0.011975,0.0052993,0.0060384,0.0056351,0.0048277,0.011216,0.0023683,0.0089267,0.0043162,0.0081205,0.011774,0.0096225,0.012871,0.0067375,0.010006,0.0057537,0.012242,0.0037966,0.0014334,0.0019155,0.0070739,0.01366,0.0077988,0.0029595,0.0080022,0.010316,0.0018128,0.0034269,0.0044818,0.0046392,0.0021913,0.0056174,0.0093918,0.0059102,0.01205,0.0027055,0.0058675,0.0072252,0.0060904,0.0025196,0.006248,0.0078671,0.012813,0.0065906,0.0038069,0.013343,0.0082884,0.017146,0.0021419,0.0038451,0.006829,0.0057727,0.0088456,0.0048612,0.014993,0.012121,0.00816,0.0037973,0.0038308,0.013068,0.005774,0.0062483,0.007047,0.018275,0.0086964,0.017575,0.0032237,0.00742,0.0050864,0.01687,0.0037119,0.0071968,0.0059116,0.010716,0.0057914,0.011927,0.0068218,0.0019213,0.0039087,0.0014605,0.0037175,0.03786
0.0039559,0.0065514,0.0076006,0.0058867,0.005032,0.0091015,0.0022804,0.0040499,0.004251,0.011329,0.0049545,0.0032511,0.0050147,0.0060547,0.0097231,0.010004,0.002747,0.0069824,0.01463,0.0091879,0.0097083,0.0097328,0.0042733,0.010364,0.014984,0.0049865,0.0099251,0.0041515,0.0063349,0.0050503,0.014749,0.005053,0.0039189,0.015421,0.010578,0.0042497,0.003141,0.0054265,0.0041069,0.014774,0.00321,0.0035741,0.0082642,0.015872,0.0089778,0.0049784,0.0049142,0.0057926,0.0090918,0.011436,0.014267,0.0053159,0.006202,0.0053861,0.0050306,0.010715,0.0020201,0.008536,0.0042646,0.0074523,0.011243,0.0087697,0.010674,0.0073723,0.010595,0.006587,0.01348,0.0039133,0.0015424,0.0019108,0.0049531,0.010406,0.0074286,0.0031263,0.009697,0.0093504,0.0019531,0.0036609,0.0055947,0.0046496,0.0018948,0.0053962,0.0075651,0.0054376,0.012988,0.0035349,0.0045557,0.007674,0.0058732,0.0025509,0.0068226,0.0071927,0.013567,0.0068871,0.0040049,0.01565,0.0069888,0.015594,0.0016359,0.003234,0.0064429,0.006799,0.0090569,0.0041577,0.019774,0.013438,0.0079822,0.0043809,0.0046907,0.012649,0.0062809,0.0075483,0.006754,0.022087,0.0071446,0.017428,0.003388,0.0054781,0.0052304,0.015275,0.0040606,0.0080445,0.0049406,0.010164,0.0062676,0.011024,0.0060124,0.0019772,0.0034495,0.001367,0.0037102,0.038225
0.0041453,0.0068069,0.0095654,0.0053285,0.0043058,0.0089948,0.0021103,0.0047823,0.0039089,0.010688,0.0043232,0.0032615,0.0062604,0.0045557,0.010931,0.0076817,0.0025178,0.00593,0.013564,0.0091304,0.010963,0.012976,0.0043581,0.0095387,0.01623,0.0049976,0.0098287,0.0042783,0.0050998,0.0048243,0.012661,0.0047901,0.0053042,0.01519,0.0078691,0.0041716,0.0033799,0.0060637,0.0042678,0.013786,0.0028198,0.0027691,0.0084058,0.016866,0.0092836,0.0053855,0.0051801,0.0064179,0.0079043,0.0098942,0.012629,0.0040554,0.0071821,0.0053568,0.0041007,0.0090461,0.002486,0.008963,0.0047841,0.0071614,0.012025,0.011157,0.0095267,0.0082718,0.011532,0.006656,0.0097152,0.0038391,0.0011578,0.0018635,0.0067547,0.010633,0.0085368,0.0026784,0.009773,0.0095738,0.0017115,0.0033115,0.0057382,0.0042055,0.0023505,0.0055311,0.0092898,0.004754,0.013936,0.0033642,0.0042311,0.008037,0.0065895,0.0025184,0.0059362,0.0068037,0.01489,0.0070725,0.0048206,0.017668,0.008056,0.015693,0.0019902,0.0033964,0.0059169,0.0060487,0.0081273,0.0038401,0.020089,0.015511,0.0067237,0.0031964,0.0041265,0.012596,0.0068085,0.0064722,0.0073856,0.021615,0.0076079,0.018285,0.0037566,0.0053772,0.0060123,0.013644,0.003542,0.0055667,0.0060621,0.010533,0.0058967,0.011206,0.0055882,0.0021702,0.0040496,0.0011882,0.0033937,0.042016
0.0045656,0.0062472,0.0096883,0.0061258,0.00425,0.0075665,0.0021478,0.0045662,0.003308,0.010812,0.0042147,0.0027732,0.004253,0.005727,0.011925,0.0085907,0.0026083,0.0067259,0.011004,0.0093816,0.010149,0.01316,0.0040279,0.0092706,0.016495,0.0044416,0.0080308,0.0044081,0.0053367,0.0056828,0.011127,0.0051298,0.0038989,0.013685,0.0084556,0.0036436,0.0037764,0.0067449,0.0037938,0.014053,0.0022742,0.002701,0.010263,0.018428,0.0089479,0.0044131,0.005546,0.0055537,0.0091159,0.010547,0.013999,0.0057418,0.0069387,0.0060875,0.0036528,0.0098114,0.0021201,0.009506,0.0035519,0.0064227,0.012796,0.011489,0.01089,0.0093478,0.010918,0.0073784,0.012401,0.0040967,0.0012318,0.0015988,0.0066096,0.010109,0.0076204,0.0028022,0.0096544,0.0087609,0.0016432,0.0036996,0.0060308,0.0047876,0.0020315,0.0050029,0.0081483,0.0047396,0.015136,0.0032211,0.0049351,0.010631,0.006257,0.0026047,0.0056457,0.0053881,0.014144,0.0070434,0.0042274,0.016318,0.007072,0.015036,0.0020914,0.0027836,0.0053802,0.0061099,0.0093289,0.0048068,0.020919,0.015197,0.0061007,0.0032876,0.0043583,0.013242,0.0051469,0.0052387,0.0071332,0.021824,0.00675,0.017383,0.0044069,0.0050411,0.007167,0.013631,0.0035922,0.006338,0.0058296,0.0098688,0.007013,0.013156,0.0054395,0.002075,0.0037684,0.0010969,0.0026943,0.042943
0.0034884,0.0063601,0.0072527,0.0051883,0.0039759,0.0092113,0.0020356,0.0043528,0.0032813,0.0089618,0.0039341,0.0038517,0.0044445,0.0046524,0.0087148,0.009381,0.0025756,0.0082596,0.016511,0.0096642,0.010919,0.0092321,0.0051848,0.0089346,0.015283,0.0047099,0.0087062,0.0033308,0.0060936,0.0041342,0.016733,0.0060035,0.0039474,0.01903,0.011698,0.0036866,0.0027865,0.0055041,0.0040997,0.017067,0.003529,0.0028417,0.0075116,0.016583,0.0091873,0.00442,0.0049084,0.0057155,0.0077812,0.0098784,0.012214,0.0041825,0.0065819,0.0061303,0.0039457,0.010999,0.0016501,0.0089305,0.0053437,0.009855,0.011123,0.0090886,0.010087,0.0061494,0.011741,0.0061066,0.010591,0.0045481,0.0012836,0.0018627,0.0081512,0.016912,0.0093962,0.0026081,0.0086558,0.013615,0.0023444,0.003083,0.0043613,0.0040464,0.002187,0.0044996,0.011131,0.0055131,0.012332,0.0034838,0.0048998,0.0069805,0.0064805,0.0022145,0.0060265,0.0065757,0.013191,0.0066204,0.003234,0.015614,0.0085109,0.018794,0.0019458,0.0024796,0.0062366,0.0054369,0.0093208,0.004916,0.017452,0.013033,0.0073809,0.0029476,0.0037599,0.016402,0.0071444,0.0059454,0.0062971,0.01995,0.0091732,0.016819,0.0028609,0.0059482,0.0042929,0.016583,0.0042696,0.006003,0.0057933,0.010305,0.0044947,0.0097156,0.0076497,0.0025305,0.0039417,0.0011654,0.0029054,0.035489
0.0031714,0.0058316,0.0066378,0.0054502,0.0050844,0.008281,0.0022262,0.0046321,0.0035959,0.0099569,0.0040335,0.0028236,0.005993,0.0051878,0.0083143,0.0092948,0.0029839,0.0085298,0.012964,0.0089551,0.011338,0.0094356,0.0050194,0.0093662,0.013847,0.0041611,0.0083817,0.0039904,0.0052437,0.0044814,0.012959,0.0053376,0.003841,0.016289,0.010789,0.004423,0.0032425,0.005793,0.0046577,0.015192,0.0031703,0.0028516,0.0083339,0.017209,0.0097019,0.0052444,0.0044536,0.0063672,0.0087991,0.0098215,0.013588,0.005093,0.0051529,0.0063724,0.0045932,0.011547,0.0020288,0.010491,0.0041541,0.0082832,0.012196,0.010506,0.0098216,0.0072437,0.01139,0.0071261,0.011652,0.0040037,0.0015081,0.0019831,0.0065567,0.014863,0.0077443,0.0029974,0.0089739,0.010089,0.001991,0.0035679,0.0050957,0.005059,0.0024163,0.0055423,0.010283,0.0056091,0.012868,0.0036251,0.0051553,0.0085533,0.0076957,0.0026127,0.0061453,0.0058947,0.012861,0.006234,0.0040216,0.015,0.0072875,0.020766,0.0018715,0.0026698,0.0063935,0.0071384,0.010865,0.0054088,0.016823,0.012529,0.0068064,0.0033144,0.0034581,0.015229,0.0063842,0.0056166,0.0067189,0.020471,0.0091884,0.015617,0.0037661,0.005678,0.00578,0.01595,0.0038467,0.0062436,0.0065291,0.0090905,0.0060217,0.011352,0.007465,0.0022976,0.0041119,0.0014656,0.0027561,0.035214
0.0032205,0.0065723,0.0076906,0.0062208,0.0064542,0.0096694,0.002484,0.0049901,0.0024814,0.012259,0.0035711,0.0032771,0.0049366,0.004517,0.0079168,0.0083979,0.0019163,0.0073366,0.016689,0.010455,0.0098368,0.0093359,0.0057146,0.011414,0.015247,0.0051231,0.012918,0.0041018,0.0054873,0.0038977,0.014594,0.0054576,0.0050186,0.01646,0.0090426,0.0045122,0.0034134,0.0070888,0.0053047,0.014509,0.0035656,0.0032848,0.0087559,0.017234,0.0098857,0.0051901,0.0044501,0.0078769,0.0073468,0.0084262,0.01183,0.004587,0.0056838,0.0046248,0.005181,0.010571,0.0023986,0.0091111,0.0051056,0.0084458,0.0098713,0.0081491,0.014188,0.0068475,0.0093013,0.005882,0.0097668,0.0037009,0.0016068,0.0022358,0.0072839,0.013375,0.0091847,0.0032876,0.008552,0.0099578,0.0018162,0.0033961,0.0054254,0.0030047,0.0021862,0.0049156,0.011296,0.0067814,0.011965,0.0036821,0.0052708,0.0065646,0.0063149,0.0021874,0.0053695,0.0069014,0.012816,0.0070696,0.0035969,0.015785,0.010491,0.017538,0.001984,0.0037834,0.0066423,0.0061675,0.012337,0.0047697,0.015643,0.01088,0.008554,0.0036306,0.003809,0.013013,0.0067107,0.0055591,0.0065641,0.016989,0.0093115,0.018759,0.0030521,0.0050054,0.0052359,0.01333,0.003778,0.0070238,0.0058737,0.011305,0.0051198,0.011996,0.0068825,0.0021433,0.0050062,0.0017376,0.0031855,0.033567
0.0040869,0.006677,0.009024,0.005569,0.0038739,0.0084347,0.0021003,0.0044197,0.0042866,0.010541,0.0041542,0.0029115,0.0045566,0.0059697,0.011103,0.0082103,0.0026539,0.0064846,0.012346,0.0086857,0.01051,0.012173,0.0038371,0.0079684,0.015081,0.0049135,0.0075038,0.0041423,0.005926,0.0048573,0.013688,0.0052749,0.0041601,0.01602,0.0096618,0.0040065,0.0028886,0.0058158,0.0038253,0.014782,0.0026553,0.0030602,0.0086687,0.016419,0.0088996,0.0048549,0.0048189,0.005261,0.0083094,0.011462,0.013398,0.0053452,0.0070742,0.0058784,0.004228,0.00982,0.0020278,0.0080517,0.0037871,0.0071666,0.011449,0.010027,0.010114,0.008104,0.011223,0.006768,0.012677,0.0040039,0.0014222,0.0022293,0.0064953,0.012564,0.0078662,0.0027532,0.010215,0.0092507,0.0017854,0.0034899,0.0053804,0.0040125,0.0026065,0.0051512,0.0084891,0.0051707,0.014343,0.0034543,0.0045415,0.0086514,0.005977,0.0022293,0.0071106,0.0078979,0.014672,0.0060431,0.0042718,0.016559,0.0066889,0.015664,0.0017487,0.0034264,0.0062256,0.0071491,0.0080298,0.0040453,0.02127,0.015427,0.0067293,0.0036272,0.0033867,0.013344,0.00595,0.0070229,0.0073628,0.023498,0.0076725,0.016986,0.0039966,0.0055061,0.0053718,0.013402,0.0039424,0.0062358,0.0057805,0.010337,0.0064392,0.011235,0.006271,0.002157,0.0037011,0.001377,0.0033112,0.042373
0.0038647,0.0061748,0.0067751,0.005281,0.0061593,0.0089092,0.0023933,0.0051753,0.0033923,0.010656,0.0039349,0.003059,0.006232,0.005129,0.0071946,0.0087328,0.002565,0.0081805,0.013985,0.010419,0.01069,0.0080852,0.0057232,0.0096774,0.013502,0.0052249,0.010365,0.0041749,0.0052942,0.003971,0.012946,0.0052755,0.0051587,0.017712,0.0097506,0.0058645,0.0028832,0.0065665,0.0054949,0.014477,0.0033263,0.0033759,0.008824,0.016676,0.010202,0.0049486,0.004512,0.0073731,0.0081343,0.0088835,0.011859,0.0060919,0.0052937,0.0055871,0.0050296,0.011253,0.0024229,0.010379,0.0046012,0.0083705,0.010662,0.0085345,0.012883,0.0068227,0.011066,0.0057125,0.010064,0.0035541,0.0018083,0.0026286,0.0093749,0.018214,0.009135,0.0031605,0.0088722,0.010118,0.0017901,0.0031315,0.0056811,0.0039434,0.0030124,0.0047543,0.012072,0.0064397,0.01085,0.0041739,0.0052012,0.006622,0.0069054,0.002628,0.0053961,0.0071165,0.012556,0.0059997,0.0036077,0.013531,0.0099827,0.019581,0.002452,0.0038388,0.0071259,0.0063465,0.012062,0.0046633,0.01374,0.010664,0.0071339,0.0033769,0.0041345,0.014017,0.0070651,0.0055333,0.0072615,0.016135,0.0098413,0.016051,0.0030782,0.0051038,0.0044352,0.01482,0.0043073,0.0063079,0.0061358,0.0089701,0.0060311,0.010949,0.0075096,0.0023296,0.0046774,0.0021006,0.0033776,0.032646
0.0032817,0.0066557,0.0072226,0.005726,0.0042705,0.0079305,0.0018815,0.0048381,0.0042265,0.011139,0.0040506,0.0023994,0.0063393,0.0058872,0.0078966,0.010394,0.00243,0.0070572,0.013978,0.0094358,0.0097506,0.0093309,0.0045051,0.010324,0.015185,0.0055071,0.010309,0.0035457,0.0061644,0.0045063,0.015889,0.0051667,0.0049303,0.019144,0.010935,0.003691,0.0032504,0.0056398,0.0046549,0.016414,0.003418,0.0031652,0.0076312,0.014202,0.0094384,0.004328,0.0043218,0.0049904,0.008162,0.009669,0.01236,0.0051676,0.0054227,0.0059019,0.005081,0.011822,0.0026779,0.0082605,0.0040098,0.007775,0.011918,0.010212,0.011734,0.006645,0.010002,0.0063433,0.012936,0.0035984,0.0013531,0.0016595,0.0058052,0.01456,0.0081786,0.0020852,0.0091958,0.010038,0.0017277,0.0034827,0.0049988,0.0040369,0.0022239,0.0048139,0.0099151,0.0068966,0.013087,0.0027453,0.0052361,0.0080196,0.0058915,0.0022927,0.0064302,0.0063983,0.012992,0.0066797,0.0034692,0.01285,0.0092388,0.017414,0.0014117,0.0032309,0.0069069,0.0069805,0.0093182,0.00441,0.017101,0.012825,0.0069756,0.0033948,0.0029681,0.013704,0.006303,0.0066959,0.0065665,0.020892,0.009342,0.01627,0.0032609,0.0064956,0.0065131,0.014189,0.0038321,0.0066623,0.0059964,0.011551,0.0058749,0.013301,0.0069364,0.0021707,0.0036513,0.0014197,0.0035794,0.038478
0.0034128,0.0054118,0.0070001,0.004644,0.0054277,0.008137,0.0020525,0.0044222,0.0029574,0.0081472,0.003653,0.002884,0.0052126,0.0051962,0.0086965,0.0090569,0.0026256,0.0094406,0.014865,0.009117,0.012126,0.010071,0.0061157,0.0092039,0.014056,0.0040371,0.0077795,0.0040302,0.0048803,0.0040139,0.013653,0.0066151,0.0038494,0.017021,0.011244,0.0056878,0.0033387,0.0061814,0.0044946,0.015716,0.0029018,0.0025118,0.0094413,0.019142,0.0089142,0.0040285,0.0050798,0.0070917,0.0082132,0.0089163,0.012625,0.0052615,0.0058204,0.0059328,0.0040535,0.010598,0.0016338,0.011936,0.0039016,0.0087199,0.01077,0.0094938,0.011034,0.0068583,0.011617,0.0067883,0.011102,0.0040883,0.0014123,0.002205,0.0083171,0.017567,0.0099867,0.0028676,0.0084093,0.01258,0.0020818,0.0033064,0.0048835,0.0039355,0.0019975,0.0056294,0.010544,0.0055257,0.011562,0.0041553,0.0056745,0.0080702,0.0077008,0.0024889,0.0053356,0.006431,0.011625,0.0058196,0.0039248,0.014641,0.007173,0.022106,0.0022086,0.0022085,0.0058209,0.0059896,0.011018,0.0060098,0.015976,0.012153,0.0065567,0.0031742,0.0030172,0.016558,0.0066423,0.0058194,0.0066866,0.018881,0.0085784,0.015309,0.0034152,0.0055826,0.005504,0.017276,0.0041446,0.0060846,0.0062249,0.0084621,0.0051153,0.0098107,0.0082522,0.002498,0.0049464,0.0016681,0.0023452,0.033157
0.0025783,0.0045862,0.0072427,0.0052676,0.0052882,0.0097917,0.0020834,0.0039382,0.0038906,0.0097747,0.0045948,0.0029602,0.0078036,0.0046969,0.0075363,0.010213,0.0034786,0.0082506,0.012844,0.0093536,0.010673,0.0088118,0.0049529,0.01109,0.015439,0.0043827,0.012291,0.0038848,0.0053122,0.0041558,0.012827,0.0048802,0.0053649,0.01683,0.0097484,0.0043729,0.0032843,0.0058669,0.0045693,0.015584,0.0033994,0.0028039,0.0083404,0.01518,0.010598,0.0046323,0.005524,0.0067359,0.0097912,0.010291,0.013375,0.0042564,0.0049547,0.0051632,0.0054217,0.012569,0.0019645,0.009164,0.0036011,0.0068046,0.015374,0.011587,0.0085388,0.0056935,0.011073,0.0061651,0.012483,0.0032468,0.0010889,0.0015105,0.0047282,0.012121,0.0071922,0.002229,0.0094354,0.0089204,0.0018394,0.0033077,0.0043805,0.0048185,0.0020823,0.0055071,0.0093021,0.0058861,0.012517,0.0027984,0.0049878,0.0074207,0.0079803,0.0029779,0.0064264,0.006954,0.011119,0.0057071,0.0040011,0.013447,0.0074234,0.01925,0.0019077,0.0032161,0.005531,0.0066539,0.0077441,0.0041724,0.017881,0.014579,0.0074307,0.004096,0.0026813,0.013458,0.0062168,0.0057734,0.0068867,0.021348,0.0081103,0.017576,0.0029004,0.0060686,0.0048992,0.016992,0.0047284,0.0065871,0.006248,0.010343,0.0061311,0.012438,0.0070566,0.0018552,0.0035356,0.0012529,0.0033466,0.043769
0.0032837,0.0064002,0.0080542,0.0055761,0.0046675,0.0094627,0.0023828,0.0043635,0.0035373,0.011128,0.0039687,0.0031924,0.0057457,0.0050898,0.0085042,0.010806,0.0026227,0.0073003,0.012466,0.0084398,0.010837,0.0098353,0.0042809,0.010111,0.014394,0.0047839,0.010637,0.0039615,0.0058128,0.0045218,0.013112,0.0054112,0.0045812,0.016526,0.0099229,0.0038097,0.0029668,0.0057567,0.0038429,0.016101,0.003163,0.0031234,0.0081139,0.015353,0.0096634,0.0041596,0.0047506,0.0067806,0.0087947,0.0088766,0.012049,0.004954,0.0063779,0.0060148,0.0039133,0.01128,0.002316,0.0096515,0.0039995,0.0080259,0.011291,0.0090003,0.012189,0.0080241,0.010572,0.0068897,0.0125,0.0040632,0.0014262,0.0021263,0.0056448,0.011776,0.0077385,0.0030189,0.0082617,0.0093673,0.0017015,0.0038168,0.0048998,0.0042687,0.0020919,0.0053694,0.0078769,0.006697,0.014425,0.0030623,0.0051548,0.0087395,0.0066712,0.0026733,0.0055535,0.0066741,0.013003,0.006544,0.0038161,0.01489,0.0068112,0.01793,0.001826,0.0029746,0.0067154,0.0066057,0.0084322,0.0052722,0.017221,0.014129,0.0077886,0.0034519,0.0032963,0.013132,0.0054368,0.0056703,0.0084012,0.02026,0.0083119,0.018359,0.0035465,0.0067698,0.0050969,0.016937,0.0041779,0.0072326,0.0062578,0.010217,0.00682,0.012169,0.0067761,0.0019934,0.0041795,0.001303,0.0034913,0.039631
0.0043611,0.00687,0.0088889,0.0058454,0.0048069,0.0084906,0.0019944,0.0042729,0.0039135,0.010844,0.0039944,0.0029887,0.0065884,0.0052923,0.0090092,0.010025,0.0028693,0.0067472,0.013186,0.011439,0.0097465,0.010223,0.0035714,0.008643,0.015783,0.006099,0.0095895,0.0037331,0.0054246,0.0047878,0.013051,0.0045173,0.0043387,0.014909,0.009661,0.0047547,0.0036236,0.0068884,0.0037982,0.01473,0.0028423,0.0033998,0.010483,0.015686,0.0097189,0.0042661,0.0055141,0.0049474,0.0094781,0.010705,0.012328,0.0068222,0.0065483,0.0068489,0.0056352,0.011063,0.0022064,0.0087257,0.004324,0.0059813,0.012633,0.0094653,0.011444,0.0081525,0.011663,0.0063066,0.011828,0.0034355,0.0017887,0.0024452,0.0058606,0.009482,0.0089566,0.0025792,0.0089296,0.0083067,0.0019202,0.0033077,0.0061465,0.0041089,0.0023409,0.0048889,0.0071539,0.0052732,0.01318,0.0038284,0.0045363,0.0087169,0.0060834,0.0037907,0.0067502,0.0067305,0.012575,0.0071911,0.0042193,0.014706,0.0070797,0.014171,0.002404,0.0033106,0.006348,0.0067674,0.0093129,0.0039669,0.01778,0.014687,0.0077432,0.0045007,0.0036588,0.01129,0.0056406,0.0058864,0.0078069,0.021257,0.0070571,0.015914,0.0035598,0.0058394,0.0053494,0.013778,0.004095,0.007002,0.0054379,0.0098695,0.0076166,0.012942,0.0055904,0.001921,0.0041359,0.0019288,0.0038511,0.041954
0.0031244,0.005989,0.0060855,0.0054302,0.0051975,0.0088431,0.0021628,0.0046435,0.0032462,0.010277,0.0037874,0.0030863,0.0066467,0.0050149,0.0068748,0.010742,0.002614,0.008856,0.014325,0.0086544,0.011463,0.007854,0.0053436,0.009139,0.014105,0.0054195,0.0086348,0.0035309,0.0059396,0.0040428,0.015106,0.0054995,0.0051046,0.018831,0.012374,0.0056236,0.002806,0.0057756,0.004911,0.016681,0.0036833,0.0027866,0.0089199,0.016999,0.0091153,0.0045312,0.0051523,0.0072639,0.0091384,0.010403,0.011914,0.0052957,0.0052564,0.0056372,0.0041297,0.011943,0.0022403,0.0095566,0.0045757,0.0088867,0.011361,0.0083689,0.011685,0.0070064,0.010466,0.0063055,0.012612,0.004464,0.0012429,0.0020001,0.0073443,0.015883,0.0084199,0.0026545,0.0078851,0.011391,0.0020831,0.0033363,0.0050083,0.0039509,0.0028537,0.0053671,0.010385,0.0063193,0.010758,0.0033042,0.0057427,0.0076373,0.0069628,0.0027908,0.0057593,0.006543,0.012428,0.0059878,0.0035077,0.012848,0.0087572,0.020989,0.0023052,0.0028042,0.0071,0.0062464,0.0098905,0.0050322,0.014219,0.010657,0.0074766,0.0035882,0.0033655,0.014537,0.0064312,0.0060138,0.0068374,0.019062,0.011178,0.016868,0.0030161,0.0061165,0.0044878,0.017135,0.0038513,0.0075502,0.0061733,0.0098936,0.005312,0.0099758,0.0080943,0.0023653,0.0043557,0.0017551,0.002782,0.029904
0.0040052,0.0061398,0.0075088,0.0052294,0.006248,0.0088819,0.0023816,0.0043491,0.003645,0.0094008,0.0041013,0.0024975,0.0069278,0.0048492,0.00719,0.010988,0.0031698,0.010187,0.012403,0.0087727,0.010181,0.0078403,0.0056024,0.0092559,0.015883,0.0048805,0.0089454,0.003521,0.005238,0.0043569,0.013944,0.0055298,0.0046344,0.018688,0.012234,0.0041568,0.0039183,0.004962,0.0044711,0.017175,0.0033467,0.0025884,0.0075641,0.015346,0.010194,0.0047872,0.005723,0.0069132,0.0098047,0.010139,0.010688,0.0052597,0.005319,0.00592,0.0040512,0.011427,0.0017931,0.012504,0.0042785,0.0077185,0.011722,0.0090447,0.010704,0.0064754,0.010781,0.005891,0.013122,0.0043042,0.0019701,0.002188,0.0067584,0.015167,0.0089914,0.0025199,0.0089566,0.01035,0.0022552,0.0037397,0.004363,0.0047307,0.0025262,0.0044706,0.012136,0.0076163,0.01113,0.0033139,0.0051601,0.0069244,0.0086287,0.0034435,0.005757,0.0066606,0.01296,0.0054173,0.0036454,0.01151,0.0085802,0.020612,0.0017893,0.0029302,0.005874,0.0052085,0.01123,0.0058008,0.013682,0.011459,0.0066211,0.0039764,0.0026903,0.016557,0.0068376,0.0052128,0.0073945,0.016917,0.010365,0.016475,0.0029828,0.0075974,0.0047775,0.016822,0.0043517,0.0076764,0.0059764,0.010009,0.0049603,0.010498,0.0082308,0.0024018,0.0035912,0.0015087,0.0032986,0.030109
0.0058357,0.0081323,0.0095816,0.0060648,0.0042225,0.008047,0.0021488,0.0041795,0.0038447,0.0097365,0.0042293,0.0035942,0.0052716,0.0053163,0.01131,0.0086734,0.0030827,0.006857,0.014114,0.0103,0.0099669,0.011767,0.0043485,0.0084822,0.015427,0.0054201,0.0083162,0.0047084,0.0056456,0.0044243,0.012807,0.0049811,0.0042993,0.013262,0.0086623,0.0047356,0.0035772,0.0066554,0.0044773,0.014032,0.0025776,0.0028399,0.010706,0.017815,0.0084444,0.0041509,0.0049943,0.0055422,0.0091396,0.010946,0.012674,0.005758,0.006247,0.0062407,0.0044971,0.0097275,0.0017191,0.008577,0.0043449,0.0079127,0.010831,0.011201,0.01134,0.0079472,0.010477,0.0072486,0.011229,0.0037099,0.0019099,0.0026637,0.0076478,0.01109,0.0091143,0.0033101,0.010015,0.0094355,0.0017239,0.0040314,0.0058985,0.0049142,0.0024051,0.0059036,0.0082051,0.0049393,0.013244,0.0038733,0.0045387,0.0093983,0.0068268,0.0028204,0.0058763,0.0064092,0.014185,0.0068346,0.0042809,0.014984,0.006717,0.01557,0.0020903,0.0021775,0.005772,0.0063179,0.0094547,0.0044042,0.020785,0.014735,0.0065285,0.0035691,0.0034457,0.011999,0.0050625,0.0063102,0.0073197,0.021789,0.0074474,0.016562,0.0037555,0.0052,0.0057641,0.013455,0.0036949,0.0065206,0.0055288,0.010242,0.0056254,0.010426,0.0061831,0.0024384,0.0045211,0.0016745,0.0032866,0.037776
0.0035628,0.0066118,0.0065445,0.0053024,0.0048165,0.00802,0.0020247,0.0037865,0.0036938,0.010391,0.0042296,0.0036123,0.0080133,0.004823,0.0068732,0.011291,0.0025841,0.0071797,0.015149,0.010188,0.010302,0.0079624,0.0045781,0.01088,0.013055,0.0057692,0.010062,0.0039015,0.0065089,0.0042922,0.015054,0.0049563,0.0039963,0.014436,0.011166,0.0052476,0.0034971,0.0070404,0.0048331,0.014781,0.0035633,0.0036792,0.010291,0.015484,0.0099128,0.0047351,0.0052998,0.0053925,0.01011,0.01204,0.011868,0.0059005,0.0048033,0.0052299,0.0055209,0.01227,0.0020918,0.0090736,0.0058195,0.0084234,0.011518,0.0078522,0.012137,0.0067128,0.01002,0.0063354,0.012133,0.0039388,0.0018291,0.0025448,0.0077958,0.01243,0.0091563,0.0029053,0.0082293,0.0099413,0.0024344,0.0032806,0.0056131,0.0045927,0.0026813,0.0054578,0.0073999,0.0043529,0.012779,0.0039267,0.0051759,0.0078871,0.0059816,0.004076,0.0069485,0.0067395,0.013182,0.0073645,0.003573,0.013161,0.0075518,0.015969,0.0027541,0.0039246,0.007491,0.0068017,0.0090488,0.0041817,0.015902,0.011863,0.007598,0.0044184,0.003259,0.01117,0.0069444,0.0073044,0.0074319,0.020977,0.0070141,0.016317,0.0028731,0.0065474,0.0038053,0.016929,0.0042405,0.0081769,0.004784,0.0086627,0.0061538,0.01055,0.0059749,0.0021704,0.004115,0.0018294,0.0042167,0.036432
0.0025674,0.0054518,0.0057877,0.0055298,0.0079837,0.009362,0.00225,0.0047801,0.0033598,0.010197,0.0036268,0.0029589,0.0047935,0.0042774,0.0056415,0.0091552,0.0028805,0.0090293,0.019402,0.012203,0.011456,0.006271,0.0062682,0.0099946,0.015436,0.0039898,0.0090869,0.0036047,0.0045976,0.0034774,0.017676,0.0063625,0.0040321,0.02022,0.010191,0.0057596,0.0030245,0.005615,0.0056576,0.015185,0.0035483,0.0026028,0.0080785,0.019738,0.012319,0.0046418,0.0047231,0.0076009,0.0070003,0.0081572,0.011399,0.0031281,0.0045478,0.0047474,0.0050696,0.010359,0.0017667,0.012459,0.0050051,0.0097391,0.01237,0.0066391,0.011454,0.0062995,0.012435,0.0058563,0.010787,0.0044272,0.002038,0.0022269,0.0084853,0.016343,0.011304,0.002868,0.0088219,0.01396,0.0021164,0.0036629,0.0040576,0.0031555,0.0019813,0.0049173,0.012084,0.0055894,0.0099196,0.0035822,0.004593,0.0055966,0.0064553,0.0021124,0.0055205,0.0065042,0.01156,0.0058026,0.0024226,0.012746,0.0098639,0.022631,0.0016038,0.0025578,0.0062508,0.0055886,0.015049,0.0063389,0.013147,0.010149,0.007896,0.0035653,0.0026998,0.015778,0.0080331,0.0055422,0.0058966,0.015758,0.0094329,0.015802,0.0022036,0.0050767,0.0039547,0.017209,0.0043757,0.007331,0.0058393,0.0089105,0.0047131,0.0096071,0.0091086,0.0027633,0.0050398,0.0016499,0.0030175,0.029148
0.0044395,0.0068357,0.0082046,0.0053619,0.0049665,0.0090446,0.0020368,0.0046143,0.003843,0.010725,0.0043197,0.0035219,0.005829,0.0053684,0.0083918,0.0096922,0.0028593,0.0068907,0.014445,0.010256,0.009944,0.0098665,0.004685,0.010793,0.014855,0.0053099,0.0097618,0.0039111,0.0062839,0.0050218,0.013722,0.005002,0.0045526,0.014939,0.0095174,0.0046591,0.0032621,0.006598,0.0047592,0.015626,0.0030013,0.0031811,0.0085174,0.015525,0.0085551,0.0042606,0.0044816,0.0067258,0.0084638,0.009886,0.012123,0.005349,0.0061378,0.0060864,0.0045906,0.011513,0.0021715,0.0088079,0.004273,0.0081126,0.013057,0.01026,0.011482,0.0074547,0.011793,0.0068763,0.011667,0.0036838,0.0015387,0.0024281,0.006685,0.011297,0.0088748,0.0026193,0.0096156,0.0097212,0.0017619,0.0034778,0.0056672,0.0046602,0.0026335,0.005646,0.0084602,0.0047486,0.014083,0.0042216,0.0047728,0.0080886,0.0062035,0.0023062,0.0060909,0.006089,0.012453,0.0069557,0.0039218,0.013583,0.0072341,0.016089,0.0020218,0.0031386,0.0065334,0.0061977,0.008825,0.0051321,0.017632,0.014045,0.0068916,0.0030621,0.0034808,0.012338,0.0054626,0.0062295,0.0075531,0.021026,0.007425,0.016324,0.0035018,0.0059869,0.0053034,0.015989,0.0036843,0.007025,0.0057395,0.0096831,0.0066432,0.011703,0.0059843,0.0018923,0.0045506,0.0016468,0.0036828,0.038987
0.003264,0.0055947,0.0076474,0.0049778,0.0057081,0.0084304,0.0021606,0.0048229,0.0026039,0.0093956,0.0034256,0.0029608,0.0054254,0.0048314,0.0086154,0.0082572,0.0025272,0.0082686,0.0143,0.010003,0.01179,0.009802,0.0055127,0.0088979,0.014834,0.0043414,0.0085155,0.0037976,0.004897,0.0041871,0.012571,0.0053181,0.0045382,0.0154,0.010077,0.0053873,0.0037314,0.0067991,0.0051819,0.014371,0.003177,0.002658,0.0096051,0.019074,0.0099447,0.004891,0.0048217,0.0070357,0.0087363,0.009074,0.012702,0.0051375,0.005973,0.0053881,0.0038694,0.010332,0.0020539,0.011614,0.004355,0.0087627,0.011791,0.0096382,0.010269,0.0077145,0.012114,0.0066285,0.01097,0.0039234,0.0015868,0.0021776,0.0077552,0.013737,0.0096803,0.0026724,0.0092603,0.010202,0.002172,0.0033856,0.0052867,0.0037655,0.0026206,0.0049132,0.011785,0.005997,0.012382,0.0037766,0.0045413,0.0080138,0.0075691,0.0032769,0.0055217,0.0066063,0.0136,0.0061461,0.0035568,0.013832,0.0082385,0.020652,0.0023099,0.0024241,0.0060349,0.0060085,0.011659,0.0053167,0.016654,0.012127,0.0061,0.0032583,0.002734,0.014633,0.0066645,0.0052606,0.0073515,0.019529,0.0093238,0.017057,0.0032388,0.0049986,0.0046735,0.016549,0.0039257,0.0061694,0.0065786,0.0091466,0.0056978,0.010045,0.0071279,0.0025435,0.0045943,0.0017523,0.0027968,0.035583
0.0034514,0.0058858,0.006469,0.0057559,0.0055077,0.0090576,0.0022323,0.0040037,0.0032655,0.010015,0.0037194,0.002991,0.0063633,0.0048612,0.0072784,0.010692,0.0026979,0.0075176,0.016186,0.012199,0.0090977,0.0082842,0.0047522,0.011539,0.015403,0.0056391,0.011853,0.0039004,0.0058454,0.0044474,0.014232,0.0049765,0.0047981,0.016471,0.010308,0.0052017,0.0035574,0.006602,0.0051266,0.015713,0.0034364,0.0035496,0.010186,0.015252,0.0099803,0.0045379,0.0055897,0.0062265,0.0097986,0.010153,0.011605,0.0056633,0.0053527,0.005727,0.005585,0.011784,0.0025301,0.0091012,0.0052553,0.0078863,0.012824,0.0078617,0.011742,0.0065622,0.010734,0.0058825,0.012235,0.0037011,0.0016046,0.0023285,0.0072074,0.013718,0.0094928,0.0027309,0.0086012,0.0097971,0.0017927,0.0033685,0.0052284,0.0041068,0.0027092,0.00465,0.0091801,0.0054358,0.012106,0.0039793,0.0056155,0.0071061,0.0057636,0.0032005,0.0066097,0.0062384,0.012078,0.006843,0.0033425,0.012767,0.0089168,0.016787,0.0024305,0.0037856,0.0059143,0.0057235,0.010414,0.0048851,0.015048,0.012163,0.0078699,0.0044165,0.0030218,0.012748,0.0066625,0.0059619,0.0073173,0.018418,0.0080581,0.017633,0.0030223,0.0064738,0.0044926,0.015469,0.0044627,0.0080917,0.0054395,0.0098551,0.0057431,0.010843,0.0064078,0.0021937,0.0041151,0.0017858,0.0033517,0.033838
0.0037487,0.0059841,0.0089021,0.0048445,0.0045948,0.0083962,0.0020828,0.0044992,0.0039145,0.0093527,0.0043761,0.0035788,0.0047395,0.0052153,0.010879,0.0080418,0.0028287,0.0064927,0.014691,0.0096379,0.01063,0.011787,0.004614,0.0094354,0.015133,0.004191,0.0082311,0.0040716,0.0051774,0.0053698,0.013583,0.0050937,0.0044404,0.013967,0.0083572,0.0047756,0.0032861,0.0066135,0.0045201,0.014875,0.0028278,0.0026722,0.0086458,0.017995,0.0086984,0.0048068,0.0046691,0.0058061,0.0078219,0.01062,0.013945,0.0049722,0.0071392,0.005942,0.0044706,0.0096936,0.0016701,0.0094021,0.003962,0.0079181,0.012789,0.01176,0.0091156,0.0075111,0.012088,0.0071774,0.011181,0.0039227,0.0014223,0.0018735,0.0066137,0.01059,0.0084096,0.0026429,0.010764,0.010402,0.0018366,0.0032439,0.0053153,0.0044252,0.0022219,0.0054861,0.0089322,0.004675,0.014658,0.0041138,0.0043398,0.0087999,0.0060784,0.0020574,0.006967,0.0063941,0.013164,0.0059561,0.0039251,0.015443,0.006738,0.016081,0.0019966,0.0024584,0.0054701,0.0061174,0.0089148,0.0046527,0.021551,0.015349,0.006456,0.002764,0.0039424,0.013021,0.0062742,0.0072406,0.0071409,0.024277,0.0071574,0.015884,0.0036537,0.0051026,0.005796,0.01539,0.00366,0.0061576,0.0059102,0.0099162,0.0063842,0.011641,0.0059486,0.0021969,0.0039662,0.001255,0.00317,0.041436
0.0034742,0.0068074,0.0081894,0.0049947,0.0032628,0.0070269,0.0020752,0.0038107,0.0045845,0.0094794,0.0058592,0.0037579,0.0051841,0.0059779,0.011711,0.0094619,0.0031381,0.0062812,0.010731,0.0082899,0.01124,0.012753,0.0036563,0.0092253,0.014332,0.0044168,0.008377,0.0043088,0.0061935,0.0060147,0.011587,0.004617,0.0040794,0.011594,0.0093367,0.0038684,0.0031712,0.0061386,0.0037313,0.014546,0.0027309,0.0032191,0.0095505,0.016893,0.0075196,0.0039154,0.004203,0.0049334,0.0089919,0.011582,0.015948,0.005792,0.0068997,0.006653,0.0045509,0.012128,0.0023806,0.007604,0.0028272,0.0071527,0.014303,0.01508,0.0093612,0.0071052,0.010595,0.0070837,0.012511,0.0036317,0.0011193,0.0015969,0.0050474,0.010045,0.0064082,0.0027713,0.010035,0.0080718,0.0019528,0.0034807,0.0056014,0.0058991,0.0022328,0.0062099,0.0071781,0.0050597,0.01525,0.0023748,0.0050113,0.010451,0.0063076,0.0021871,0.0076363,0.0058479,0.013574,0.0071133,0.0042946,0.016185,0.0061077,0.015048,0.0018669,0.0029311,0.0060225,0.007219,0.0062924,0.0038613,0.022082,0.016265,0.0061946,0.0029929,0.0036298,0.011217,0.0046462,0.0068073,0.0068963,0.024799,0.0070871,0.016438,0.0045608,0.0060129,0.00693,0.015751,0.0034705,0.0054311,0.0061044,0.010305,0.0067982,0.013401,0.0050861,0.0016883,0.0030148,0.0012303,0.0031607,0.047282
0.0037007,0.0071479,0.0078862,0.0068925,0.0056785,0.0091128,0.0021976,0.0043817,0.0027923,0.012325,0.0036325,0.0028923,0.0049395,0.0046456,0.009526,0.0090587,0.0023445,0.0077057,0.014573,0.0099467,0.010952,0.010426,0.005514,0.010469,0.016461,0.0049404,0.009563,0.0038737,0.0050625,0.0042981,0.014351,0.0053787,0.0041644,0.015058,0.0092302,0.0036422,0.0034498,0.0062075,0.0044675,0.014599,0.0031346,0.0026509,0.0087753,0.017698,0.0091626,0.004077,0.0047907,0.0072812,0.0077746,0.0095023,0.013285,0.0044445,0.0058565,0.0054835,0.0043337,0.0098215,0.0020892,0.010107,0.0042551,0.0076744,0.011403,0.0087457,0.011888,0.0086189,0.0105,0.0068161,0.010516,0.0040171,0.0014551,0.0014373,0.0064715,0.011342,0.0087754,0.002643,0.0091915,0.010335,0.0020662,0.0036656,0.0046449,0.0036918,0.0020505,0.0053742,0.0093849,0.0054708,0.013231,0.0028602,0.004849,0.0079724,0.0065519,0.0021896,0.0055266,0.0053855,0.012667,0.0070336,0.0037734,0.015307,0.0098199,0.018875,0.0017308,0.0027076,0.0056422,0.0055331,0.01081,0.0054797,0.017505,0.012907,0.0075333,0.0033935,0.0043281,0.013722,0.0059798,0.0058064,0.0068962,0.019359,0.0093915,0.018901,0.0034773,0.005354,0.0052382,0.015495,0.0034191,0.00788,0.0060217,0.011125,0.0056939,0.011928,0.0067103,0.0020944,0.0043833,0.0012609,0.0029505,0.037111
0.0030536,0.0067227,0.0065681,0.0063725,0.0061075,0.0094391,0.0024524,0.0046145,0.0027763,0.011574,0.0038134,0.0028904,0.0052118,0.0045644,0.0075504,0.0085028,0.0022631,0.0071566,0.018287,0.01178,0.009556,0.0085221,0.0053229,0.011334,0.015668,0.0050816,0.011045,0.0041252,0.0052816,0.0035361,0.01696,0.0053269,0.0041353,0.016946,0.0087575,0.0042731,0.0028763,0.0063378,0.0052742,0.014732,0.0036712,0.0030239,0.0091281,0.016859,0.010541,0.0048701,0.0048358,0.0067255,0.0071343,0.0088528,0.011669,0.0043838,0.0049613,0.0046186,0.0056726,0.01038,0.0020672,0.0098835,0.0050989,0.007761,0.011824,0.0075559,0.011966,0.0066534,0.010247,0.005676,0.010381,0.0040673,0.0017262,0.0019083,0.0069161,0.014086,0.010112,0.002915,0.008446,0.011073,0.0016915,0.0033397,0.0043772,0.0035093,0.0021967,0.0048063,0.010073,0.0057743,0.012646,0.0036626,0.0050065,0.0070244,0.0061396,0.0021921,0.0055232,0.0065337,0.012938,0.0067889,0.0030731,0.015123,0.010675,0.018382,0.0018498,0.0033346,0.0063696,0.0059464,0.011658,0.0049883,0.016001,0.012,0.0082426,0.0039069,0.0036284,0.013168,0.0075306,0.005666,0.0066776,0.018136,0.0091651,0.018796,0.0028688,0.0063643,0.0046244,0.014893,0.0042886,0.0081228,0.0058629,0.010622,0.004885,0.010694,0.0070622,0.0022508,0.0047493,0.0016194,0.0031162,0.034957
0.0037032,0.0060325,0.0081601,0.0057512,0.0048161,0.0085475,0.0023648,0.0045493,0.0035838,0.011805,0.0043261,0.0032691,0.0061978,0.0050328,0.010278,0.0080169,0.0024747,0.0063984,0.01449,0.0092632,0.010693,0.011404,0.0044291,0.010043,0.014126,0.0043275,0.010832,0.0045066,0.0057496,0.0049106,0.013424,0.0046024,0.0043828,0.01161,0.0084979,0.0045352,0.0036492,0.0063738,0.0046783,0.013031,0.0027947,0.0029654,0.010337,0.016652,0.0095483,0.0050001,0.004672,0.0073399,0.0084701,0.010469,0.013461,0.0053654,0.0058821,0.0052483,0.005522,0.010069,0.0023907,0.0089849,0.0038638,0.00779,0.011682,0.0097063,0.011473,0.0077356,0.011406,0.0064185,0.010318,0.0036131,0.0014719,0.0021298,0.0064789,0.0098008,0.007929,0.0028581,0.0094664,0.0086384,0.0016876,0.0031798,0.0059679,0.0043819,0.0030455,0.0057751,0.0084428,0.0052645,0.013957,0.0040238,0.0047456,0.0079604,0.0064625,0.0019264,0.0065663,0.0058644,0.011771,0.0067459,0.0046903,0.015194,0.0073163,0.015808,0.0017396,0.0032311,0.005982,0.0069207,0.0094342,0.0049767,0.018814,0.01468,0.0073395,0.0033102,0.0036854,0.011622,0.005422,0.0069818,0.0076974,0.021652,0.0072653,0.01735,0.0039679,0.0063416,0.0061184,0.014659,0.0035851,0.0068877,0.0060529,0.010377,0.0069915,0.012821,0.0053423,0.0019053,0.0044264,0.0015818,0.0032331,0.044011
0.0037206,0.0055751,0.0082589,0.0057082,0.0041764,0.0077299,0.0022491,0.0041284,0.0037755,0.0093155,0.0042485,0.0032979,0.0067506,0.0052985,0.0099837,0.0082013,0.0028348,0.0066628,0.012085,0.010139,0.010626,0.011507,0.0045098,0.0090566,0.015279,0.0051168,0.0081613,0.004145,0.004959,0.0042748,0.013202,0.0049776,0.0050247,0.014368,0.008973,0.0038473,0.0031273,0.006926,0.0042235,0.014358,0.0028055,0.0028492,0.00976,0.017141,0.0096122,0.0044284,0.0048391,0.0057367,0.0078425,0.010148,0.013447,0.0051348,0.0060696,0.005964,0.005391,0.010619,0.0019853,0.0095663,0.004399,0.0073499,0.014016,0.010167,0.0094159,0.0070629,0.011256,0.0062103,0.011843,0.0041793,0.0011091,0.0017953,0.006897,0.012041,0.0079137,0.0024873,0.0099922,0.0099666,0.002252,0.0036152,0.0046024,0.0045671,0.0021735,0.0051804,0.0094999,0.0051797,0.013969,0.0031341,0.0044375,0.0091131,0.0067025,0.002997,0.0074416,0.0062435,0.013693,0.0062546,0.0033473,0.015046,0.0072603,0.017076,0.0022263,0.0036295,0.0053865,0.0058685,0.0088465,0.0046229,0.019558,0.014984,0.0061575,0.0029737,0.0037735,0.012831,0.0073056,0.0068911,0.0069989,0.021403,0.0079161,0.016069,0.0039327,0.0056318,0.005471,0.015577,0.004211,0.0063954,0.0061971,0.0095286,0.0068426,0.011727,0.0059169,0.0021192,0.003977,0.001481,0.0035585,0.043962
0.0027976,0.0056828,0.0066608,0.005906,0.0064179,0.0088233,0.0023183,0.0043923,0.0028289,0.011076,0.0036641,0.0030111,0.0057129,0.0053238,0.0073334,0.0091524,0.0025866,0.0082971,0.018161,0.011165,0.0096062,0.0077437,0.0063249,0.011213,0.015278,0.0047044,0.012547,0.003956,0.0056789,0.0042049,0.016981,0.0053593,0.0040771,0.017578,0.0099775,0.0040078,0.003675,0.0062412,0.0051562,0.014284,0.0035458,0.0030321,0.0071911,0.017906,0.010597,0.004711,0.0047993,0.0073973,0.0077262,0.008789,0.012564,0.0038323,0.004919,0.0046339,0.0048217,0.010098,0.0021094,0.010774,0.0051547,0.0090244,0.0111,0.0072328,0.011774,0.0064898,0.01092,0.0058518,0.011975,0.0047022,0.0017419,0.0016049,0.0082566,0.013183,0.0095591,0.00296,0.0090683,0.012002,0.0022187,0.0035633,0.0045745,0.0039349,0.0019064,0.004705,0.011847,0.0057132,0.012052,0.0036096,0.0051087,0.0065018,0.0059869,0.0023512,0.0055416,0.0062711,0.012676,0.0067742,0.0028394,0.013574,0.0099287,0.018166,0.0020588,0.0031739,0.0055655,0.0055097,0.01311,0.005967,0.016104,0.011375,0.0085756,0.0042611,0.0035652,0.01511,0.006543,0.0055609,0.0056923,0.017427,0.0091043,0.017339,0.0028067,0.005651,0.004102,0.015667,0.0035251,0.0072889,0.0054243,0.010391,0.0046936,0.011187,0.0067826,0.0025806,0.0043732,0.0012364,0.0030495,0.033404
0.0032273,0.0065888,0.0076609,0.0057547,0.0045057,0.0085264,0.0020269,0.0041202,0.0038859,0.011695,0.0046625,0.0031222,0.00507,0.0051462,0.0089659,0.0092339,0.0027179,0.0064739,0.016,0.0098071,0.0095706,0.0096732,0.0042859,0.011598,0.014981,0.0053313,0.011721,0.0041294,0.0061507,0.0043417,0.015707,0.0047884,0.0041017,0.015578,0.0092293,0.0035138,0.0033546,0.0065606,0.0042317,0.014985,0.0032755,0.0033678,0.0078404,0.015498,0.010066,0.004556,0.0046704,0.0056663,0.0081896,0.010648,0.012966,0.0051646,0.0057832,0.0053584,0.0058756,0.011013,0.0021698,0.0076542,0.0047142,0.0070659,0.012291,0.0097337,0.011519,0.0066379,0.010661,0.0063977,0.01195,0.0035907,0.001244,0.0017102,0.0056642,0.011259,0.0082217,0.0025782,0.0089685,0.0098884,0.0018017,0.0035139,0.0052947,0.0041873,0.002126,0.0052544,0.0079128,0.0047362,0.013785,0.0033838,0.0046304,0.0075942,0.0058544,0.0017285,0.0065737,0.0068499,0.01221,0.007569,0.0039312,0.015308,0.0084928,0.015055,0.0019453,0.0040499,0.006325,0.0068006,0.0080392,0.003864,0.019049,0.014006,0.007973,0.0039872,0.0035919,0.012155,0.006813,0.0065704,0.0068878,0.021221,0.0073295,0.017928,0.0031055,0.0061868,0.0055566,0.014865,0.0041257,0.0070649,0.0051798,0.010868,0.0063447,0.012736,0.0059106,0.0018608,0.0039739,0.0014094,0.0040552,0.043547
0.0030108,0.0058088,0.0081961,0.0061655,0.0051981,0.0093239,0.0021636,0.0047601,0.0028694,0.010659,0.0035663,0.002847,0.004562,0.0044477,0.0083653,0.0088713,0.0021219,0.0086183,0.015564,0.0098494,0.011026,0.0094227,0.005898,0.010174,0.015269,0.0050596,0.011446,0.0033725,0.0055294,0.0038256,0.014727,0.0059827,0.004529,0.018214,0.010807,0.0040063,0.0028501,0.0061103,0.0045262,0.014768,0.0037074,0.0030623,0.0077313,0.017299,0.0097975,0.0046505,0.0043911,0.0072668,0.0075146,0.0088434,0.011985,0.0045819,0.00606,0.0049282,0.0043611,0.0098268,0.0021485,0.0097899,0.0047061,0.0094977,0.010469,0.0086547,0.012428,0.0071408,0.010868,0.006179,0.010275,0.0038567,0.0012279,0.0017866,0.0081505,0.015904,0.008849,0.0026284,0.0083512,0.012076,0.0020436,0.0035024,0.0046571,0.0032772,0.0020063,0.0047875,0.011388,0.0065193,0.012117,0.0031541,0.0051992,0.0070124,0.0067512,0.0019083,0.005403,0.0066625,0.012854,0.0062015,0.0037117,0.014887,0.0099047,0.019485,0.0019924,0.0030388,0.0062137,0.0057421,0.011276,0.0052663,0.016929,0.012068,0.0075746,0.0035608,0.0033911,0.014869,0.0063535,0.0052462,0.0060405,0.01788,0.0099871,0.017329,0.0028177,0.0049329,0.0041839,0.016147,0.0037405,0.0063194,0.0061705,0.010985,0.005086,0.010996,0.0077722,0.0024275,0.0046634,0.0011575,0.0031839,0.03572
0.0037987,0.0067896,0.0078347,0.0067415,0.0059456,0.0083557,0.0021628,0.0044548,0.0029616,0.0097673,0.0034616,0.0033754,0.0064779,0.0045513,0.0083963,0.0093598,0.0023378,0.008682,0.015626,0.009778,0.011279,0.0093748,0.0055182,0.0097044,0.016101,0.0049041,0.0092894,0.003627,0.0054198,0.0043808,0.014801,0.0059512,0.0041752,0.015588,0.010363,0.0051056,0.003697,0.005919,0.0046893,0.014532,0.0033977,0.003088,0.0091506,0.018014,0.0098417,0.0045799,0.0050925,0.0066138,0.0088385,0.010246,0.012911,0.0047831,0.0055017,0.004906,0.0042119,0.010351,0.0016709,0.010571,0.0042541,0.0090282,0.010885,0.0089885,0.011766,0.0069964,0.010397,0.0068964,0.010958,0.0035884,0.0013724,0.0018345,0.0067241,0.013447,0.0085767,0.0028986,0.0089982,0.010985,0.0018174,0.003633,0.0053108,0.0038909,0.0021919,0.0058308,0.0095868,0.0058402,0.011071,0.0035112,0.0049348,0.0072599,0.006544,0.0027168,0.0052466,0.0064878,0.01234,0.0064701,0.0038399,0.014077,0.0090693,0.020872,0.0016557,0.002597,0.0059692,0.0061395,0.012271,0.0061244,0.017094,0.011818,0.0073233,0.0037993,0.0034064,0.013562,0.0064094,0.0059754,0.0058701,0.019097,0.0089994,0.016683,0.0028128,0.0053629,0.0050534,0.016958,0.0037251,0.0071042,0.0059899,0.010199,0.0053011,0.011281,0.0076898,0.0021436,0.0044697,0.0014629,0.0028731,0.032596
0.0041078,0.0067974,0.0094466,0.0062121,0.0068787,0.0092159,0.0021972,0.0050425,0.0038287,0.010584,0.0038027,0.0029035,0.0049874,0.0046229,0.0088254,0.007845,0.0026421,0.0065807,0.01779,0.011398,0.0092696,0.0098354,0.0046316,0.0098787,0.016291,0.0054758,0.01042,0.0042986,0.0052053,0.0039602,0.015498,0.0051422,0.0051064,0.017023,0.0074988,0.0050108,0.0038849,0.0071313,0.0050187,0.013949,0.0027548,0.0030722,0.0087126,0.017914,0.011357,0.0051716,0.0049739,0.0057976,0.0069213,0.0087488,0.010496,0.0050351,0.0067387,0.0053301,0.0056767,0.0083706,0.002269,0.010836,0.0048891,0.0067795,0.010453,0.009527,0.011483,0.0075746,0.011541,0.0062266,0.010378,0.0037916,0.0023772,0.0030893,0.0072259,0.011454,0.010754,0.0032474,0.0096197,0.010351,0.0016469,0.0037631,0.0051376,0.0038226,0.0021456,0.00516,0.0096293,0.0048941,0.011647,0.0043932,0.0041046,0.0068428,0.0062003,0.0021955,0.0057909,0.007384,0.014774,0.0066785,0.0038038,0.014356,0.0085601,0.01493,0.0018887,0.0034751,0.0062972,0.0063308,0.012626,0.0046093,0.017236,0.013451,0.007671,0.0042184,0.0036162,0.013112,0.0069347,0.0060995,0.0074824,0.018502,0.0067969,0.015469,0.0031799,0.0052981,0.0048189,0.013231,0.0033149,0.0058567,0.005067,0.0092502,0.0054663,0.011391,0.0062614,0.0024617,0.0049234,0.0019224,0.0039721,0.038737
0.0034326,0.0061241,0.0075913,0.0061593,0.0053215,0.0094437,0.0022179,0.0044576,0.0039966,0.011666,0.0039697,0.0032042,0.0062622,0.0044128,0.0080493,0.0099024,0.0025715,0.0080274,0.0145,0.0096755,0.010472,0.0094557,0.0052379,0.010182,0.014847,0.0049428,0.010899,0.0037104,0.0059234,0.0042396,0.014679,0.0051766,0.0046192,0.018688,0.010746,0.0036026,0.0030428,0.0060618,0.0046356,0.015943,0.0037312,0.003115,0.0085522,0.015745,0.0097556,0.0046427,0.0049613,0.0065098,0.0091934,0.010311,0.01263,0.0050464,0.0060385,0.0052866,0.0050588,0.011598,0.00223,0.0087747,0.0050028,0.00851,0.010541,0.0087905,0.01264,0.0074002,0.0094359,0.0060594,0.010767,0.0033973,0.0014611,0.0019567,0.0072621,0.01363,0.0082033,0.00305,0.0089966,0.01027,0.0020436,0.0033459,0.0046985,0.0037634,0.002454,0.0049396,0.010003,0.0057892,0.011538,0.0027587,0.0050736,0.0061136,0.005881,0.002617,0.0059616,0.0069183,0.012196,0.0061691,0.0038013,0.014803,0.0091711,0.01794,0.0019218,0.0033108,0.0069413,0.0064701,0.010555,0.0046169,0.016335,0.012483,0.0079524,0.0037143,0.003579,0.013824,0.0067903,0.0059833,0.0071694,0.019754,0.0089264,0.017885,0.0027802,0.0054883,0.0043438,0.014291,0.0039726,0.0072466,0.0052487,0.010097,0.0051673,0.011792,0.0070448,0.0020499,0.003902,0.0013573,0.0037361,0.036649
0.0034344,0.0061692,0.0073003,0.0050894,0.0045486,0.0088623,0.0017692,0.0037557,0.0043606,0.010814,0.0045682,0.0031308,0.0055757,0.0061016,0.009004,0.011017,0.0024242,0.0065527,0.013634,0.0097006,0.010262,0.0098003,0.0040898,0.010292,0.014525,0.0053604,0.0099067,0.0037225,0.0060453,0.0044226,0.014152,0.0049976,0.0034753,0.014432,0.010138,0.0031275,0.002862,0.0056882,0.0038743,0.015897,0.0031143,0.0040076,0.00835,0.0154,0.0088803,0.0039204,0.0041526,0.0053374,0.0095024,0.011181,0.015181,0.0054985,0.0056888,0.0055577,0.0045937,0.01294,0.0019819,0.0091791,0.0033031,0.0079938,0.014394,0.011069,0.011243,0.006991,0.011015,0.0080007,0.014239,0.003349,0.0013102,0.0014134,0.0042077,0.0090788,0.0070443,0.0027719,0.009414,0.0090527,0.0018052,0.0035975,0.0060031,0.0047928,0.0020267,0.0056862,0.0074166,0.0046396,0.014979,0.0033812,0.0043446,0.0093201,0.0062478,0.0020786,0.0059576,0.006167,0.012406,0.0069394,0.0035839,0.015125,0.0068792,0.01627,0.0017819,0.002815,0.0062731,0.0081854,0.0080312,0.0046052,0.020187,0.014088,0.0073704,0.0032279,0.0035601,0.012237,0.0057745,0.0062292,0.0071091,0.02432,0.0072153,0.017069,0.0031709,0.005342,0.0049745,0.017977,0.0046144,0.0061314,0.0054801,0.0097132,0.0065078,0.01258,0.0062657,0.0015672,0.0034942,0.0011461,0.0037754,0.042293
0.0031039,0.0070219,0.0078063,0.0066209,0.0049421,0.0082513,0.0022795,0.0047546,0.0031037,0.010792,0.0038935,0.0027032,0.0048742,0.0050421,0.0098425,0.0085184,0.0024537,0.0075686,0.013136,0.010265,0.010249,0.010733,0.0047442,0.0090039,0.015034,0.0056233,0.0098736,0.0041538,0.0053036,0.0041898,0.013813,0.0050844,0.0049663,0.016978,0.0097192,0.0042252,0.0031207,0.0060463,0.0043612,0.01495,0.0032871,0.0033111,0.0090319,0.016279,0.0094168,0.0040742,0.0046979,0.0058079,0.0080326,0.0087481,0.012131,0.0060091,0.0067415,0.0058535,0.0052338,0.010694,0.0024637,0.0090987,0.0044226,0.007149,0.010245,0.010432,0.011538,0.0073692,0.01006,0.0059901,0.010878,0.0034464,0.0015224,0.0016466,0.0061924,0.013766,0.0081124,0.0028746,0.0085691,0.0090798,0.0020065,0.0038086,0.0051227,0.0034035,0.0024254,0.004699,0.0097539,0.0065542,0.013079,0.0030121,0.0056002,0.0083861,0.0070861,0.002634,0.0064599,0.0061922,0.01439,0.0075071,0.0039172,0.016042,0.0091538,0.017411,0.0019934,0.0034339,0.00574,0.0055931,0.010147,0.0044719,0.017634,0.013614,0.0072903,0.0038755,0.0030968,0.013161,0.0059827,0.0054337,0.0076979,0.018373,0.0087472,0.017875,0.0041063,0.0065388,0.0048788,0.013957,0.0036614,0.0068657,0.0063522,0.011096,0.0061273,0.011952,0.0065343,0.0019783,0.0039187,0.0013585,0.0036289,0.04089
0.0031907,0.0060072,0.0068252,0.0053075,0.0052828,0.008436,0.0023242,0.004454,0.0034835,0.0095218,0.0042799,0.0035379,0.0050936,0.0046754,0.0082471,0.0077645,0.0028128,0.0086408,0.0142,0.0093064,0.011289,0.0092282,0.0053963,0.0092808,0.013579,0.0039477,0.008736,0.0040193,0.0048342,0.0040266,0.01405,0.0057128,0.0043693,0.017064,0.0093899,0.0042546,0.0030521,0.0060742,0.0047964,0.014586,0.0029156,0.0022016,0.009323,0.01827,0.010258,0.0048061,0.004705,0.0070387,0.0075409,0.0092518,0.012507,0.0039749,0.0058319,0.0056211,0.004837,0.010516,0.0017619,0.01145,0.0041473,0.0087988,0.011986,0.0098983,0.011263,0.0063367,0.010454,0.0065362,0.010205,0.0044307,0.0011712,0.0018449,0.0073937,0.016991,0.0083233,0.0030283,0.0089845,0.010792,0.0016665,0.003428,0.0040063,0.0043691,0.002443,0.005082,0.01156,0.0063902,0.012553,0.0028418,0.006115,0.008124,0.0072384,0.0021357,0.0065152,0.0077154,0.013602,0.0057042,0.003219,0.014226,0.0089809,0.021691,0.0019436,0.0023323,0.0060871,0.0059378,0.011065,0.0053311,0.016541,0.012892,0.0068477,0.0031529,0.0038422,0.015454,0.0072438,0.0059255,0.0070557,0.01963,0.010232,0.016027,0.0034283,0.0052282,0.0050839,0.015433,0.0046355,0.0066424,0.006485,0.009435,0.0050026,0.010587,0.0083764,0.0025401,0.0042937,0.0013817,0.0027348,0.035094
0.0040703,0.0081145,0.008921,0.0051941,0.0050935,0.0076709,0.0018356,0.0042309,0.0034284,0.0099214,0.0037936,0.0037283,0.0040005,0.0059257,0.0086581,0.0075887,0.0028018,0.0068919,0.016608,0.010247,0.010175,0.009998,0.0047902,0.0085429,0.016078,0.004866,0.0088473,0.0042937,0.0054091,0.0043295,0.015904,0.0058054,0.0041157,0.015012,0.0089056,0.0046213,0.003801,0.0072897,0.004306,0.012853,0.0029325,0.0031263,0.0082901,0.018439,0.0095127,0.0054288,0.0041519,0.0052903,0.0076795,0.010783,0.012704,0.0059904,0.0060755,0.0061182,0.0050743,0.0076398,0.0021028,0.009601,0.005053,0.008012,0.0083031,0.0097073,0.010567,0.0080283,0.0099457,0.0072523,0.013016,0.0037722,0.0016203,0.0019516,0.0065357,0.011476,0.0099362,0.0028471,0.010186,0.011071,0.0017527,0.0043896,0.005097,0.0031214,0.002059,0.0056684,0.007212,0.0053321,0.013132,0.0044406,0.0047798,0.0093027,0.006408,0.0029832,0.0066712,0.0076609,0.016096,0.0081652,0.004108,0.014034,0.0072675,0.016193,0.0016279,0.003354,0.0064296,0.0072857,0.010049,0.0047371,0.019105,0.013258,0.0072889,0.0041885,0.0030621,0.011563,0.0059483,0.0072313,0.0073296,0.02416,0.0063695,0.014877,0.0040549,0.0050337,0.0058703,0.012637,0.0039888,0.0067646,0.0054563,0.0098329,0.0060158,0.011438,0.0067816,0.0023979,0.0051068,0.0016089,0.0039249,0.03646
0.0039998,0.0059775,0.007072,0.0048114,0.0036972,0.0084405,0.0024273,0.0046432,0.0054736,0.0091703,0.0052002,0.0039393,0.0056135,0.0059141,0.0084821,0.0090146,0.0033413,0.006863,0.014223,0.0094989,0.010961,0.0095893,0.004057,0.0097336,0.014919,0.0046047,0.0084658,0.0041816,0.0053168,0.0040611,0.013417,0.005423,0.0050021,0.01844,0.0096895,0.0044565,0.0026377,0.0051929,0.0043847,0.017091,0.0032928,0.0029841,0.0078357,0.015374,0.0090061,0.004761,0.0038901,0.0058858,0.0073434,0.010295,0.012675,0.0049495,0.0059067,0.0063584,0.0047182,0.012161,0.0021407,0.0079132,0.0051759,0.0088173,0.014002,0.011371,0.0096249,0.0061404,0.013195,0.0060997,0.011313,0.0040232,0.0012762,0.0022527,0.0070628,0.013026,0.0088631,0.0026041,0.010138,0.010677,0.0019299,0.0035925,0.0052584,0.0051312,0.0025444,0.0056646,0.0084326,0.0054135,0.013477,0.0033307,0.0043257,0.0083641,0.0061009,0.0023171,0.0076072,0.0075801,0.013627,0.0066875,0.003444,0.014435,0.0072273,0.017412,0.0019329,0.0031029,0.0070387,0.0074412,0.0077375,0.0043101,0.017782,0.013974,0.0074317,0.003089,0.0031513,0.012524,0.0061767,0.0073168,0.0065839,0.021334,0.0086216,0.015236,0.0035222,0.0052407,0.0050225,0.01691,0.0041164,0.0056588,0.0062499,0.0086302,0.0057108,0.010096,0.0070652,0.0020702,0.0045551,0.0013555,0.0038362,0.038696
0.0030878,0.0052229,0.0064418,0.0056281,0.0067984,0.0084788,0.0023409,0.0045481,0.0031265,0.011142,0.0034136,0.0028514,0.0057412,0.0045373,0.0071595,0.0096474,0.002715,0.0096653,0.015222,0.0088555,0.011756,0.0078812,0.0066299,0.010768,0.014768,0.0041068,0.0093338,0.003436,0.0053259,0.0039234,0.014577,0.0056178,0.0039596,0.017675,0.011364,0.0051475,0.0031674,0.0056903,0.0051185,0.015042,0.0037415,0.0024287,0.007757,0.018388,0.010153,0.0047391,0.0045559,0.0086211,0.0082895,0.0093309,0.01322,0.0038465,0.0048755,0.0055764,0.0042563,0.010967,0.0018699,0.011465,0.0040214,0.0094895,0.010733,0.0071144,0.011535,0.0071093,0.011655,0.0067262,0.011842,0.0043502,0.0012812,0.0018731,0.0071167,0.014829,0.0087005,0.0025139,0.0088639,0.011629,0.0021269,0.0035488,0.0042338,0.0037915,0.0021164,0.0052233,0.011158,0.005445,0.011729,0.0033513,0.0055627,0.0068771,0.0069985,0.0018411,0.005328,0.0061521,0.011953,0.006606,0.0031029,0.013127,0.0091151,0.022752,0.0016753,0.002579,0.0060875,0.0057442,0.012911,0.0066319,0.015193,0.011524,0.0077113,0.0034057,0.0029912,0.015364,0.0064352,0.0057151,0.0063243,0.018933,0.010219,0.01671,0.0025053,0.0055686,0.0042035,0.017515,0.0039052,0.0072899,0.006351,0.0099603,0.0052412,0.010518,0.0082344,0.0022861,0.0046433,0.0013204,0.0027934,0.031995
0.0032326,0.0061341,0.0064391,0.006242,0.0073397,0.0098793,0.0027715,0.0048239,0.0027959,0.011981,0.0029877,0.0026917,0.0060732,0.0044288,0.0070722,0.0090523,0.0023576,0.0086993,0.017874,0.01192,0.010395,0.0077564,0.0061785,0.011376,0.016153,0.0048565,0.011168,0.003725,0.0043691,0.0036485,0.017411,0.0058877,0.0045601,0.018895,0.0093806,0.0046172,0.0032401,0.0060388,0.0053077,0.014902,0.003377,0.0023006,0.0086676,0.017235,0.011448,0.0047187,0.0052535,0.0079172,0.0076672,0.0084847,0.010917,0.0046785,0.0055782,0.0054718,0.00523,0.010482,0.0020037,0.012297,0.0047676,0.0074061,0.011646,0.0080524,0.012577,0.0069719,0.01136,0.0054148,0.009807,0.0045431,0.0017918,0.0017761,0.0076804,0.014456,0.0098479,0.0033017,0.0082529,0.011748,0.0019442,0.0035346,0.0042124,0.0034563,0.0019391,0.0047478,0.011544,0.0058753,0.011249,0.003766,0.005165,0.0061502,0.0058535,0.0024205,0.0046548,0.0069267,0.01246,0.0054118,0.0029087,0.014071,0.01102,0.020075,0.002159,0.0027742,0.0054961,0.0049201,0.014069,0.0067825,0.013255,0.010413,0.0086494,0.0034526,0.0035048,0.015029,0.0069537,0.0043889,0.0066657,0.015639,0.010023,0.017035,0.0031724,0.0059153,0.0042237,0.016155,0.0039027,0.0081955,0.0060282,0.011324,0.0044413,0.0094922,0.0075448,0.0022416,0.0047793,0.0017417,0.0027922,0.02767
0.0037528,0.0054036,0.0079924,0.0052206,0.0050964,0.0092952,0.0021805,0.0043373,0.00373,0.011428,0.0039875,0.0028821,0.0057921,0.0042156,0.0081812,0.010403,0.0025745,0.0068031,0.014403,0.010773,0.0088401,0.0089438,0.0044237,0.010949,0.015039,0.0061276,0.011687,0.0038641,0.0061327,0.0042035,0.013525,0.0047887,0.0044043,0.015396,0.0089219,0.0055769,0.0033025,0.0072678,0.0041869,0.015115,0.0031821,0.0034677,0.011497,0.01689,0.010042,0.0045985,0.006471,0.0068207,0.0096366,0.010021,0.011024,0.0050703,0.0055826,0.0057637,0.0049229,0.010807,0.0023929,0.010409,0.0054642,0.0068002,0.012846,0.0073048,0.012428,0.0084351,0.012028,0.0059342,0.011267,0.0037025,0.0016534,0.0023806,0.007712,0.010334,0.0093015,0.0029928,0.0082995,0.0096758,0.0017841,0.0031352,0.0061413,0.004243,0.0029865,0.0043523,0.0079686,0.0041598,0.01364,0.0039625,0.0049606,0.0074885,0.0060317,0.0033163,0.0055045,0.0057944,0.011375,0.0073973,0.003723,0.013764,0.0079364,0.015338,0.0030402,0.0038026,0.0067945,0.006485,0.0096197,0.0046016,0.016366,0.013681,0.0075825,0.0039474,0.0034885,0.011533,0.0061595,0.005426,0.0082549,0.020207,0.0065348,0.018473,0.002752,0.0071013,0.0043282,0.014884,0.0038637,0.0073232,0.0051034,0.0086888,0.0068926,0.011174,0.0055044,0.0020297,0.0044762,0.0020161,0.0036731,0.040882
0.0035153,0.0058714,0.0077201,0.0060773,0.0067067,0.0080037,0.0022248,0.0042784,0.0029515,0.010911,0.0033523,0.0027035,0.0061298,0.0045238,0.0081361,0.0086375,0.00288,0.010407,0.014348,0.0094257,0.011429,0.009725,0.0062523,0.0095299,0.014202,0.0034873,0.009481,0.0037574,0.004591,0.0042031,0.014224,0.0061701,0.0041279,0.015776,0.0094528,0.0057431,0.0032153,0.0056248,0.0046534,0.014134,0.0027047,0.00222,0.0091635,0.020168,0.0093261,0.0041783,0.004529,0.0091705,0.0078381,0.0086567,0.012308,0.0041753,0.005581,0.0055011,0.0036512,0.0091303,0.0017932,0.012879,0.0037016,0.0088121,0.01033,0.0083457,0.013993,0.0075802,0.011246,0.0068769,0.010057,0.0040021,0.0016451,0.0020408,0.0081416,0.015573,0.0094118,0.0027089,0.008715,0.012245,0.0018627,0.0038786,0.004583,0.004082,0.0019528,0.0059861,0.010575,0.005794,0.01325,0.0037646,0.0055387,0.0081849,0.0074489,0.0020064,0.0048656,0.005943,0.012107,0.0060744,0.0036454,0.012928,0.008283,0.022269,0.0018691,0.0025087,0.0043695,0.0050364,0.012866,0.0069145,0.014946,0.011878,0.0069308,0.002906,0.0036832,0.014995,0.0059015,0.0054807,0.0064068,0.01876,0.0092728,0.014957,0.0033872,0.0057667,0.0055727,0.018157,0.0037585,0.006885,0.0061775,0.0090245,0.0056648,0.010858,0.0084176,0.0024172,0.0055838,0.0012934,0.0027169,0.032634
0.0030023,0.005675,0.0074775,0.0067422,0.0069814,0.0093009,0.0022606,0.0049614,0.002702,0.011763,0.0034968,0.0026917,0.0053586,0.0040601,0.0075364,0.0084925,0.0026733,0.0078821,0.017246,0.012596,0.010863,0.0082221,0.0051325,0.010483,0.015021,0.0048402,0.010666,0.0039103,0.0046899,0.0037413,0.016299,0.0050345,0.0041179,0.01714,0.0088121,0.0044263,0.0030961,0.006666,0.0050943,0.014771,0.0033983,0.0025252,0.0088129,0.01679,0.010922,0.0041356,0.0055853,0.0071865,0.0081236,0.0083411,0.011113,0.0051065,0.0060447,0.0055174,0.0052648,0.010505,0.0021353,0.010652,0.004556,0.0075211,0.011029,0.0077053,0.012714,0.0080105,0.011886,0.0055063,0.010229,0.0035971,0.0017957,0.0019838,0.0072738,0.0132,0.0090168,0.0026917,0.0081932,0.010368,0.0020149,0.0034693,0.0045032,0.003484,0.002547,0.0044924,0.010328,0.0057387,0.012699,0.0039306,0.0051621,0.0070889,0.0064477,0.0026737,0.0049845,0.0055619,0.012376,0.0063978,0.0033097,0.014949,0.010584,0.019428,0.0020735,0.0031505,0.0056884,0.0049733,0.012493,0.0054051,0.015216,0.012199,0.0083085,0.0040198,0.0036898,0.012167,0.006562,0.0049901,0.0071671,0.017641,0.0094641,0.01734,0.0030192,0.0055674,0.0046317,0.015915,0.0040721,0.0081818,0.0064631,0.010947,0.005812,0.010928,0.0071285,0.0018935,0.0046094,0.0016681,0.0029114,0.036173
0.0031863,0.0056389,0.0072289,0.0057151,0.0050599,0.0087316,0.0023751,0.0043702,0.0030594,0.010453,0.0039921,0.0028247,0.0062525,0.0048398,0.0087349,0.0099162,0.0026593,0.0077733,0.013846,0.0096609,0.011182,0.010122,0.0049984,0.011636,0.015806,0.0044936,0.010532,0.0036236,0.0046996,0.0045897,0.013743,0.0052187,0.0043518,0.017004,0.0094799,0.0040263,0.0029839,0.0054306,0.0041294,0.015979,0.0032464,0.002462,0.0085286,0.015671,0.0091942,0.0039717,0.0051541,0.0070535,0.0088598,0.0093002,0.012363,0.0046311,0.0065146,0.0059152,0.0045898,0.012215,0.0019315,0.010397,0.003814,0.0072624,0.012718,0.010186,0.010296,0.0078519,0.012067,0.0064822,0.011192,0.0039439,0.0012633,0.0017887,0.0053851,0.012009,0.0080388,0.0027427,0.008616,0.010352,0.0019522,0.0034752,0.0049056,0.0043823,0.0020697,0.0055956,0.008602,0.0051687,0.013978,0.003561,0.0053064,0.0078622,0.0065503,0.002389,0.0057296,0.0061551,0.013175,0.0069373,0.0035657,0.015054,0.0083526,0.019452,0.0015359,0.0029017,0.0051413,0.0053799,0.00917,0.0056551,0.01672,0.013531,0.008108,0.0034392,0.0032009,0.013659,0.0058692,0.0053329,0.0070491,0.019594,0.0094968,0.017873,0.0035175,0.0065876,0.0051621,0.018129,0.0037164,0.0070206,0.0066438,0.010523,0.0057787,0.011087,0.0068996,0.0018714,0.0042452,0.0013527,0.0030182,0.038213
0.0035329,0.006363,0.0093331,0.0047459,0.002666,0.0079071,0.0017713,0.003951,0.0051788,0.0088234,0.0062303,0.0030421,0.0042616,0.0053887,0.012055,0.0079391,0.0036245,0.005463,0.011028,0.0087154,0.010199,0.014352,0.0029148,0.009738,0.015167,0.0041161,0.0077554,0.0050194,0.0053438,0.0055004,0.010696,0.0039581,0.0040663,0.012862,0.0071958,0.0030863,0.0031763,0.0062154,0.0037237,0.014788,0.0024978,0.0029003,0.01027,0.016057,0.0079984,0.0045689,0.004643,0.0045048,0.0078542,0.011313,0.013794,0.0043093,0.0076569,0.0061753,0.0048025,0.011518,0.0020625,0.0067382,0.0033459,0.0063158,0.016177,0.014988,0.0083903,0.0076739,0.01249,0.0069165,0.011881,0.0032824,0.0010624,0.0016761,0.0052112,0.0088641,0.0071087,0.0025371,0.010418,0.0075919,0.0015168,0.0036126,0.0054166,0.0057803,0.0021962,0.0055189,0.006426,0.0040916,0.01643,0.0027279,0.0040796,0.010087,0.006567,0.0019511,0.007711,0.0063777,0.01388,0.0066138,0.0044583,0.018102,0.0056999,0.013543,0.0018342,0.0031326,0.0059707,0.0075987,0.005089,0.002955,0.023584,0.019044,0.0063332,0.0029381,0.0029217,0.010624,0.0051886,0.0068416,0.0081699,0.02585,0.0058387,0.018139,0.0046633,0.0063515,0.006716,0.014386,0.0038266,0.0054432,0.0053631,0.0095699,0.0072726,0.013036,0.0046972,0.0016666,0.0032677,0.00097574,0.0038246,0.056607
0.003981,0.0070117,0.0078511,0.0059153,0.0051652,0.0083561,0.0021692,0.0048133,0.0034032,0.011048,0.003755,0.0030424,0.0051814,0.0053837,0.0091305,0.0080642,0.0024701,0.0075076,0.015063,0.009565,0.010949,0.010005,0.0050574,0.0091794,0.015811,0.0045458,0.0084886,0.0036299,0.0052904,0.0037325,0.014786,0.0055053,0.0044807,0.016487,0.0094839,0.0038604,0.0032498,0.0060611,0.0049753,0.014439,0.0033022,0.0025627,0.0074842,0.016897,0.009801,0.0048978,0.0046071,0.0068404,0.0076899,0.010551,0.012975,0.0048876,0.0060016,0.0056567,0.0045125,0.0092345,0.0020597,0.009417,0.004204,0.0082638,0.010432,0.0091426,0.010623,0.0080199,0.011195,0.006496,0.011302,0.0039352,0.0013599,0.0017011,0.0062836,0.013175,0.0083646,0.0021601,0.010152,0.010397,0.0017597,0.0036595,0.0046208,0.0038461,0.0021782,0.0053414,0.0097572,0.0061845,0.012837,0.0032404,0.0053801,0.0087215,0.0063062,0.0021821,0.0059988,0.0072766,0.01405,0.0070295,0.0038744,0.014911,0.0087897,0.019099,0.0017353,0.0030289,0.0063201,0.0059908,0.010147,0.005024,0.018311,0.01351,0.007116,0.0033868,0.0032552,0.013086,0.0064306,0.006333,0.0072313,0.021573,0.0086242,0.016797,0.0034009,0.0056319,0.0054834,0.014358,0.0036568,0.0068968,0.0060195,0.010643,0.0058578,0.012187,0.0072838,0.0022186,0.0041579,0.0012288,0.0034075,0.037145
0.0036481,0.0060613,0.0070561,0.0049939,0.0051561,0.0092445,0.0022139,0.0043827,0.0042255,0.0094109,0.0039704,0.0032545,0.0049837,0.005636,0.0092067,0.0088313,0.0027507,0.0061135,0.015659,0.011294,0.0092389,0.010197,0.0044303,0.010237,0.012654,0.004448,0.0091106,0.0046569,0.0056468,0.0044728,0.01409,0.0051766,0.0044964,0.01545,0.009385,0.0062283,0.0032755,0.0071411,0.0050276,0.014795,0.0025215,0.0032051,0.012075,0.019014,0.0098325,0.0048423,0.005018,0.005344,0.0080566,0.009919,0.012193,0.0056632,0.0060077,0.0059183,0.0052216,0.010617,0.0018672,0.0094728,0.0047506,0.0081675,0.012666,0.010094,0.010811,0.0079219,0.012063,0.0062194,0.012052,0.0038926,0.0020974,0.0029016,0.0084698,0.011921,0.010328,0.0027461,0.0095749,0.010266,0.0015174,0.0036915,0.0065547,0.0040314,0.0026,0.00529,0.0083584,0.0041018,0.013148,0.0043937,0.0039051,0.0077575,0.005869,0.0027143,0.0065039,0.0061645,0.011883,0.0062928,0.0037555,0.01488,0.0071218,0.014586,0.0027719,0.0026445,0.006299,0.0072569,0.011255,0.0048176,0.018636,0.01445,0.0063973,0.0032978,0.0025495,0.012781,0.0065274,0.0058472,0.008957,0.02147,0.006035,0.016635,0.0037177,0.0049127,0.0044715,0.013614,0.0040802,0.006165,0.0047996,0.0076663,0.0061352,0.0097501,0.0060548,0.0023576,0.0045846,0.0020211,0.0037263,0.040217
0.0031679,0.0050785,0.0069789,0.0053898,0.0078552,0.0084727,0.0022269,0.0043987,0.0034103,0.0088516,0.0036825,0.0025105,0.0063936,0.0053386,0.0084686,0.0075459,0.003438,0.0097403,0.01303,0.010994,0.010665,0.008895,0.0061807,0.0084805,0.014915,0.0038355,0.0073,0.0042535,0.0039577,0.0043722,0.011864,0.0057558,0.0047079,0.017451,0.0093468,0.0060008,0.0037803,0.0065498,0.0055944,0.013964,0.002877,0.0025161,0.0096721,0.019545,0.010985,0.0055393,0.0054268,0.0067359,0.0079929,0.0082776,0.012992,0.0048396,0.0060563,0.0065703,0.0047498,0.0095695,0.0015798,0.012851,0.0046385,0.0069797,0.0119,0.0099062,0.0096121,0.0068526,0.011279,0.0062349,0.011231,0.0034047,0.0018965,0.0019012,0.0078673,0.016266,0.0094523,0.0027606,0.010683,0.0094396,0.0021017,0.0034509,0.0046566,0.0037406,0.002398,0.0044114,0.012073,0.0055187,0.011472,0.0037303,0.005208,0.0075449,0.0073529,0.0033752,0.0063076,0.0064912,0.014784,0.0063166,0.0033905,0.012957,0.0091805,0.021524,0.0023122,0.0027445,0.0053809,0.0056449,0.014102,0.0058911,0.016947,0.012254,0.0060217,0.0035336,0.0030164,0.015235,0.0073113,0.0052098,0.0073577,0.019139,0.0092216,0.014377,0.0033726,0.0046459,0.0046076,0.014604,0.0042495,0.0073166,0.0061024,0.0084143,0.0051123,0.0098064,0.0078429,0.0023869,0.003907,0.0017335,0.0030434,0.033242
0.0035364,0.0055272,0.0091526,0.004994,0.0033698,0.008814,0.0021128,0.0046247,0.0050578,0.008816,0.0051601,0.0030944,0.0061742,0.0055215,0.0090827,0.010066,0.0032933,0.0060782,0.012618,0.0087799,0.010601,0.01076,0.0038348,0.011005,0.016036,0.0045306,0.008792,0.0042946,0.0052967,0.0048821,0.011193,0.0040889,0.0045567,0.014634,0.0087145,0.0041155,0.0033115,0.0067755,0.0042675,0.015414,0.002889,0.0027525,0.0088126,0.015001,0.0087061,0.0049696,0.0048094,0.0055135,0.0085402,0.010608,0.012743,0.0049897,0.0066138,0.0060195,0.0047104,0.012312,0.0022939,0.0082428,0.0040846,0.0074996,0.0156,0.01289,0.0090758,0.0076659,0.012552,0.0062844,0.01111,0.0035829,0.0010806,0.0019434,0.0061604,0.01053,0.0074012,0.0025183,0.0097864,0.00907,0.0017664,0.0031749,0.0051955,0.0053404,0.0022075,0.0054198,0.0075322,0.0044929,0.014274,0.0033389,0.0046831,0.0084567,0.005902,0.0024147,0.0072157,0.0070103,0.013461,0.0065943,0.003953,0.01491,0.0059212,0.014785,0.0022603,0.0031931,0.0070964,0.0077372,0.0068918,0.0039315,0.020516,0.017267,0.0068515,0.002876,0.0030629,0.011497,0.0059081,0.0064163,0.0079546,0.022931,0.0072164,0.015999,0.0036102,0.0060051,0.0058322,0.015956,0.0031422,0.0053708,0.0055972,0.0089776,0.0073797,0.013143,0.0050846,0.0020528,0.003427,0.0012549,0.0039221,0.049248
0.0039544,0.0064966,0.0081731,0.0050019,0.0037534,0.0082049,0.0018517,0.0042846,0.0035457,0.0083833,0.0043754,0.0032803,0.0045887,0.0054266,0.010406,0.0084448,0.0028268,0.0070698,0.013782,0.0086352,0.010969,0.011336,0.0045192,0.0086922,0.015411,0.005159,0.0080342,0.0041453,0.0054308,0.0046241,0.013673,0.0054453,0.004336,0.015495,0.0098817,0.0042713,0.0028318,0.0061939,0.0041472,0.015646,0.0029649,0.0028243,0.0091615,0.017131,0.0083166,0.0045167,0.004645,0.0056389,0.0083647,0.010668,0.012763,0.0048448,0.0065772,0.0059693,0.004646,0.010984,0.0018947,0.0091856,0.0042995,0.0088313,0.011461,0.010893,0.0093771,0.0073631,0.011155,0.0067635,0.011134,0.0041263,0.0011435,0.0021793,0.006653,0.013109,0.0086068,0.0027732,0.0096805,0.011015,0.0018554,0.0035118,0.0051533,0.0044001,0.0022776,0.0055793,0.0087838,0.0052666,0.013845,0.0037758,0.0047267,0.0081727,0.0069512,0.0022426,0.0068907,0.0066181,0.013268,0.0068251,0.0041692,0.016372,0.0065352,0.01801,0.001807,0.0027651,0.0061833,0.0063948,0.0088263,0.0044867,0.019847,0.015036,0.0068507,0.0037719,0.0036733,0.013801,0.0062749,0.0067662,0.0072418,0.022958,0.0079024,0.016122,0.0035222,0.0055585,0.0056212,0.015431,0.0034552,0.0057875,0.0056414,0.0090366,0.0057996,0.010692,0.0068504,0.0023863,0.0040579,0.0012628,0.0034068,0.041163
0.0037585,0.0069497,0.0073848,0.0057639,0.0049816,0.0087994,0.0022798,0.0047707,0.00264,0.010649,0.0038983,0.0032305,0.006973,0.0047265,0.0087688,0.010065,0.0024236,0.0081774,0.013348,0.0093461,0.011409,0.010194,0.0049121,0.010143,0.015338,0.0053197,0.01051,0.0034117,0.0055926,0.0041988,0.01302,0.0048314,0.0045206,0.016944,0.010944,0.0032299,0.0036045,0.0054287,0.0044231,0.015912,0.0039269,0.0029812,0.0084411,0.015249,0.0093369,0.0042501,0.0050745,0.0071361,0.0090856,0.0096071,0.013289,0.0051266,0.0061058,0.0055063,0.004636,0.012858,0.0020782,0.0081843,0.0041611,0.0085959,0.011706,0.0099533,0.012922,0.0067089,0.0096808,0.006625,0.010662,0.0036566,0.0012369,0.0020873,0.0058062,0.014186,0.007223,0.0027314,0.0087401,0.0091049,0.0020007,0.0033578,0.0050924,0.0038266,0.0018932,0.0052419,0.010407,0.0071991,0.01209,0.0030852,0.0063394,0.0081843,0.0069911,0.0024398,0.0051931,0.005801,0.012505,0.0072422,0.0042221,0.015402,0.009462,0.020211,0.0015412,0.0031288,0.0062743,0.0060122,0.009251,0.0041491,0.016347,0.011827,0.008045,0.0034917,0.0036687,0.013015,0.0056285,0.0053284,0.0067429,0.017981,0.010537,0.018736,0.0033558,0.005363,0.0053474,0.015255,0.0040691,0.0073748,0.0071051,0.01219,0.0050291,0.012015,0.0073333,0.0018944,0.0042454,0.0014236,0.002801,0.033824
0.0031506,0.0050419,0.0064193,0.0049716,0.0070873,0.0097407,0.0025215,0.0047612,0.0032744,0.010342,0.0038701,0.0029758,0.0062912,0.0043082,0.0062722,0.0092724,0.0028432,0.0086324,0.015282,0.0096913,0.011228,0.0069651,0.0062761,0.01041,0.015301,0.0040962,0.010849,0.0036988,0.0047371,0.0039293,0.01488,0.0063617,0.0047885,0.019351,0.010054,0.0054529,0.0031642,0.0050784,0.0054218,0.015234,0.0035673,0.0027678,0.0073199,0.018226,0.01123,0.005167,0.0046993,0.008285,0.0083087,0.0087822,0.012356,0.0037121,0.0043816,0.0046686,0.0043445,0.010774,0.0018941,0.012807,0.004719,0.0089548,0.012371,0.0076113,0.011237,0.0060182,0.012193,0.006838,0.011121,0.004218,0.0016204,0.0019105,0.0074747,0.01607,0.0098416,0.0029928,0.0089797,0.012068,0.0018601,0.0035064,0.0046535,0.0040608,0.0023391,0.0049948,0.012409,0.0059331,0.011214,0.0034401,0.0050782,0.0061146,0.0072032,0.001759,0.0054042,0.0065614,0.011558,0.0060242,0.0029956,0.012222,0.010156,0.02339,0.001749,0.003078,0.0057582,0.0058355,0.012948,0.0063209,0.012958,0.01055,0.007476,0.0031791,0.0032023,0.016204,0.0075731,0.0054025,0.0058002,0.016214,0.010222,0.016398,0.0023175,0.0056273,0.0043459,0.018113,0.0045011,0.0062973,0.0063396,0.0088661,0.0048462,0.01093,0.0090421,0.0023828,0.0049054,0.0014163,0.00297,0.029795
0.0031333,0.006579,0.0075231,0.0076047,0.0074201,0.0094285,0.0020449,0.0040605,0.003456,0.013142,0.004073,0.002317,0.0053328,0.0044962,0.006423,0.0097059,0.0023086,0.0071945,0.019376,0.013536,0.0082674,0.0071158,0.0051364,0.010482,0.016619,0.0067028,0.012073,0.0033823,0.0051983,0.0035778,0.019515,0.0048332,0.0047393,0.01872,0.0087745,0.0038907,0.0029568,0.0060279,0.0051429,0.013794,0.0036867,0.0036075,0.0081384,0.015262,0.011757,0.0043119,0.0049146,0.0055545,0.0078454,0.0093539,0.01038,0.0048936,0.0046909,0.0042694,0.0070519,0.010157,0.0024686,0.0095936,0.0055971,0.0071399,0.010455,0.0066905,0.012412,0.0070105,0.0091356,0.0053133,0.013086,0.0036285,0.0020239,0.0018634,0.0051856,0.011151,0.0098944,0.002737,0.008562,0.010533,0.0017616,0.004261,0.003901,0.0027617,0.0016816,0.0043561,0.009835,0.0068282,0.010482,0.0031752,0.0045635,0.0058842,0.0061048,0.0031151,0.0062468,0.0068874,0.012182,0.0067802,0.0031811,0.013138,0.011008,0.016583,0.0013905,0.0039566,0.0058377,0.0057475,0.012902,0.0045133,0.015268,0.011417,0.0088638,0.0053546,0.0032246,0.012007,0.007424,0.0060303,0.0067602,0.018779,0.0083099,0.018245,0.0021947,0.0064628,0.0038747,0.012897,0.0044481,0.0091395,0.0048326,0.011824,0.0053029,0.012635,0.0066954,0.0021313,0.0040521,0.0015632,0.0048926,0.039847
0.0037181,0.0059922,0.0079527,0.0061469,0.0059028,0.008721,0.0024008,0.0049208,0.0031725,0.01137,0.0035467,0.0027865,0.0060286,0.0045813,0.0087399,0.0087195,0.0026096,0.0082327,0.012804,0.0089949,0.010537,0.0091706,0.0050349,0.010613,0.015066,0.0054638,0.010224,0.0038385,0.0051164,0.0043067,0.012242,0.0048691,0.0056071,0.018743,0.0099235,0.0039897,0.0036708,0.0064038,0.0045399,0.01603,0.0036038,0.0028648,0.0082216,0.016317,0.0099442,0.0045342,0.0045272,0.0069702,0.0087818,0.0096918,0.012379,0.0054709,0.0059729,0.0065971,0.0051403,0.011605,0.002544,0.010047,0.0034829,0.0067472,0.01031,0.0088689,0.0091037,0.0077126,0.010153,0.0065767,0.01106,0.0033611,0.0012834,0.0015146,0.0054332,0.012677,0.007339,0.002871,0.0088755,0.0090222,0.0019445,0.0036669,0.0044034,0.0040588,0.0022092,0.005097,0.010641,0.0059346,0.012264,0.0032077,0.0058398,0.009168,0.0075986,0.0022856,0.0059005,0.0071098,0.014372,0.0076591,0.0036174,0.014624,0.0085189,0.019542,0.001503,0.0033555,0.0068475,0.0066328,0.010292,0.0049868,0.017049,0.01305,0.0072417,0.0036015,0.0030986,0.013376,0.0062491,0.004612,0.0077051,0.019518,0.0086666,0.01799,0.0033979,0.005288,0.0053646,0.014656,0.0040032,0.0065496,0.0066427,0.0098807,0.006344,0.012572,0.0069681,0.0018087,0.0041161,0.0016022,0.0032769,0.037754
