61,67,19,25,97,103,55,31,5,1,13,29,91,35,77,49,17,63,23,121,73,53,89,93,99,11,65,83,7,117,27,87,41,59,33,123,69,85,57,75,111,47,113,105,71,43,95,51,21,81,115,3,129,119,101,15,37,28,128,64,39,79,107,131,52,127,88,58,100,4,122,94,45,80,16,34,125,44,104,22,109,38,110,116,118,9,2,42,112,70,90,68,46,96,92,120,10,102,30,114,66,106,26,82,40,60,54,124,20,126,98,84,8,78,48,56,132,86,74,108,36,62,14,18,130,50,32,76,12,24,6,72
1,19,25,13,31,129,55,49,7,43,61,111,117,23,123,105,93,67,99,37,79,85,17,87,5,73,131,127,11,81,69,3,113,91,128,29,63,59,97,119,57,53,75,125,77,83,20,32,68,47,107,35,122,121,51,89,74,94,116,2,118,103,15,88,58,112,56,109,65,45,100,41,36,80,30,9,26,60,66,124,8,101,52,38,96,39,21,110,82,72,114,62,90,64,120,106,95,46,24,14,102,132,27,130,54,84,92,44,16,76,33,6,71,48,78,70,115,22,4,126,12,50,86,28,18,10,40,104,42,34,108,98
113,131,119,83,89,125,95,101,47,59,107,53,109,127,115,103,79,121,97,67,43,91,85,65,61,41,49,71,111,31,55,73,128,23,3,81,25,37,7,129,117,15,13,110,29,92,116,17,56,77,35,11,87,86,19,34,58,93,50,28,22,130,64,123,80,20,27,94,14,44,2,8,9,70,21,100,118,26,62,98,16,32,122,124,1,52,39,88,112,10,4,106,46,105,82,99,68,75,38,33,76,45,74,40,78,63,6,51,42,104,96,57,60,84,48,36,72,66,12,102,18,114,5,90,120,54,69,24,132,126,30,108
21,57,33,27,15,69,63,3,93,9,51,99,13,75,19,1,23,87,25,105,45,55,97,5,31,61,49,117,17,67,91,11,103,7,111,29,115,85,81,35,123,73,43,121,109,125,131,59,129,79,53,56,39,92,37,127,65,107,119,98,62,20,50,14,86,116,47,26,113,110,28,122,44,22,8,71,68,4,2,34,104,32,64,78,80,128,58,101,70,77,6,83,24,16,36,82,72,76,18,94,38,30,40,42,108,100,12,132,84,89,90,46,74,52,41,66,112,95,60,54,130,88,106,118,126,96,124,10,114,102,120,48
129,117,131,111,115,127,121,109,123,113,119,81,87,93,95,103,91,89,97,79,59,85,83,125,99,101,107,53,105,65,71,3,47,67,61,73,55,11,43,23,45,110,49,17,128,35,86,33,27,29,80,77,50,51,116,37,92,31,44,57,21,19,25,56,39,14,38,41,122,8,15,64,98,13,100,62,28,34,20,69,70,124,106,132,5,114,120,22,4,94,126,58,26,118,96,74,84,104,63,90,102,16,7,1,2,130,72,108,60,78,52,66,54,48,42,68,36,30,10,88,6,32,46,9,112,24,82,76,18,75,40,12
21,33,57,27,3,75,71,15,69,63,77,107,99,105,9,101,65,51,59,35,93,23,29,121,95,123,127,125,128,17,11,5,103,116,53,115,76,110,122,31,37,45,97,91,19,89,119,87,106,80,25,84,117,55,130,67,124,47,114,1,86,73,36,132,111,81,82,96,120,70,98,61,79,90,43,48,104,100,92,41,118,109,66,13,72,102,60,20,42,30,126,24,56,16,64,44,6,8,40,54,46,50,131,74,49,39,108,32,62,12,10,83,28,88,38,68,34,52,4,94,22,18,129,85,7,112,14,26,113,58,78,2
59,95,53,23,17,101,119,65,89,93,125,11,87,57,113,29,51,47,117,111,99,5,83,107,63,131,81,71,45,123,35,21,15,105,27,9,3,129,69,41,39,77,33,75,7,13,127,1,19,122,86,121,73,43,49,50,25,98,44,80,56,104,110,92,116,128,62,115,14,55,8,109,61,26,20,16,37,52,58,38,36,103,132,68,34,22,42,88,10,2,46,54,74,70,90,76,126,108,120,6,114,84,31,48,82,102,60,4,30,18,94,78,40,85,79,130,67,96,32,64,91,28,97,12,72,100,66,24,124,112,106,118
13,7,49,1,55,19,43,47,83,85,37,11,23,59,17,79,5,25,53,89,91,61,29,41,113,95,35,65,131,31,101,71,119,97,107,109,125,67,77,103,115,73,121,129,63,127,93,106,99,87,14,44,27,84,50,8,126,57,38,132,51,81,48,114,124,120,90,9,100,108,16,56,62,128,96,105,70,102,86,42,58,22,21,28,69,45,20,64,34,26,3,118,76,104,54,130,4,117,24,116,94,122,52,40,2,112,33,72,60,92,78,15,12,110,32,111,66,68,75,74,123,88,36,6,80,46,18,82,98,30,10,39
93,57,111,117,87,113,5,129,119,51,83,23,99,81,37,59,95,89,21,109,63,33,29,123,115,69,121,15,131,79,17,27,35,101,53,125,105,65,47,122,11,104,80,107,97,71,110,41,128,103,9,85,116,68,3,45,98,78,72,43,108,44,91,74,82,2,127,39,86,36,92,34,38,70,130,66,112,106,46,76,102,56,31,6,30,124,8,118,132,24,32,75,40,50,60,114,55,94,26,62,100,10,42,49,88,126,73,84,77,61,90,13,16,120,14,25,18,1,19,4,52,48,64,58,96,7,12,54,22,20,28,67
57,27,63,21,51,93,33,87,45,99,69,15,117,81,105,123,9,3,129,121,115,111,127,23,109,113,29,75,125,131,119,39,5,35,85,91,97,79,17,103,65,92,83,116,122,67,59,11,49,43,95,98,61,53,128,74,66,110,89,107,56,73,104,101,55,86,30,54,18,32,102,62,26,126,60,46,68,90,77,10,6,82,96,108,36,120,76,24,37,130,72,80,112,78,44,50,47,12,7,71,20,114,40,25,22,52,31,118,16,132,48,58,88,14,84,2,42,4,64,34,94,124,28,13,70,38,8,41,1,19,100,106
81,111,59,23,87,45,129,79,29,65,17,117,85,95,109,51,39,53,103,123,5,35,101,9,89,49,115,43,91,121,97,15,67,11,71,73,93,61,37,55,105,99,57,47,119,106,13,70,100,124,58,31,94,64,21,63,118,25,107,113,7,127,52,88,34,130,69,19,83,56,28,76,112,22,46,27,41,32,66,68,16,20,125,30,82,72,3,75,60,24,102,96,36,104,26,108,33,62,10,77,6,92,74,126,120,4,50,40,98,14,78,90,2,54,122,18,114,132,8,44,84,86,48,1,116,12,110,131,38,42,80,128
33,21,27,3,69,63,57,15,85,115,109,9,75,91,99,105,93,51,49,121,97,55,79,41,103,123,45,127,43,35,61,11,117,67,87,29,23,47,13,131,7,59,19,73,65,17,5,71,37,129,111,39,53,76,70,34,64,81,95,106,28,100,77,72,36,80,38,128,44,40,30,25,24,66,108,119,6,124,101,125,83,113,20,102,110,88,118,94,58,1,56,4,31,60,52,16,82,122,18,2,46,12,116,86,96,126,112,89,92,22,84,54,130,78,98,50,120,114,107,10,74,8,68,32,48,26,62,90,104,42,132,14
125,119,123,101,113,105,107,95,99,131,117,89,93,111,65,71,129,63,77,69,59,87,83,53,35,27,81,29,57,33,47,128,21,51,17,75,116,11,110,85,15,23,45,3,37,43,49,9,79,92,5,86,62,98,26,122,109,2,80,50,38,56,20,14,32,127,41,7,104,44,8,55,68,13,91,74,115,73,39,61,54,6,18,1,130,90,30,132,120,126,31,96,66,60,25,24,97,102,12,114,112,118,67,40,108,124,121,48,42,84,36,76,82,4,19,78,28,100,64,106,72,34,70,52,88,94,22,10,16,58,103,46
1,19,25,31,67,55,61,73,103,7,97,91,13,49,44,77,121,131,3,23,50,130,56,59,80,74,125,11,112,68,40,32,17,43,115,82,86,85,47,46,14,38,92,8,83,53,15,20,62,41,118,39,107,110,10,27,21,124,5,26,29,88,79,89,94,98,104,9,100,119,52,58,65,70,106,51,87,109,16,45,64,2,95,127,81,129,116,22,76,75,66,78,12,18,108,57,71,63,132,122,102,42,34,72,128,126,120,111,48,99,60,33,93,54,114,28,30,90,117,24,84,69,96,113,4,123,6,36,37,35,105,101
59,23,95,65,29,125,101,119,131,17,5,53,71,107,11,35,89,113,81,3,21,77,47,73,15,127,9,52,57,45,46,130,128,75,83,88,124,10,31,16,27,58,80,94,50,44,118,39,111,100,76,82,106,63,25,40,86,64,87,22,123,72,112,66,108,36,121,1,103,99,38,79,102,30,8,67,91,93,109,14,117,68,7,70,6,56,97,55,51,74,19,126,28,116,12,37,96,24,13,18,61,69,122,41,92,33,114,78,60,42,115,120,104,20,110,84,32,62,132,2,49,129,26,48,98,85,4,43,34,90,54,105
49,85,13,109,43,79,55,7,91,19,115,25,1,37,61,127,97,45,121,39,81,9,105,123,125,103,51,31,75,15,87,67,83,107,57,3,41,27,80,47,21,73,111,23,99,131,94,93,26,101,100,110,32,58,44,63,106,86,88,69,89,118,70,5,82,124,119,2,52,132,126,64,104,17,46,116,92,53,108,120,112,102,96,20,77,90,98,114,30,29,62,33,117,50,66,36,54,6,38,8,74,128,78,129,72,12,40,56,60,48,24,76,84,10,122,18,14,59,42,68,16,4,22,113,11,34,130,28,95,71,65,35
3,21,27,63,33,15,105,57,69,99,9,75,123,51,93,117,45,87,39,19,13,5,7,1,23,55,129,81,111,49,113,43,73,17,11,25,83,103,121,127,37,29,85,89,79,130,28,91,112,128,118,100,4,64,124,61,106,88,31,82,70,131,94,34,35,110,107,16,71,22,74,80,40,44,59,119,52,116,122,58,67,76,8,95,42,6,115,18,2,12,46,86,38,24,78,32,53,68,30,92,77,41,26,50,101,56,48,72,84,104,125,47,62,20,65,54,90,10,109,98,66,97,102,126,114,36,108,60,14,96,120,132
73,103,113,83,119,107,67,125,89,95,101,97,71,121,131,47,65,53,128,31,59,61,35,29,122,15,116,105,57,21,115,77,110,51,75,127,11,69,23,104,9,17,37,39,98,91,25,1,80,41,43,20,92,68,44,86,85,56,14,87,45,7,5,8,50,33,62,79,49,26,93,32,13,2,55,129,111,38,81,76,54,48,78,109,74,90,18,3,19,117,12,60,99,24,84,66,40,123,42,30,88,102,96,4,132,10,6,82,28,34,46,112,16,52,63,124,94,64,27,114,118,100,130,22,58,106,108,70,36,72,120,126
107,101,125,95,119,71,89,65,105,113,131,59,83,69,123,99,77,93,117,53,87,75,81,35,111,47,128,29,63,41,57,23,33,51,13,19,17,45,122,55,116,110,7,129,11,25,27,1,61,49,98,92,104,31,5,39,80,86,20,56,62,127,21,91,14,15,2,50,68,26,97,44,8,32,73,9,43,74,85,67,37,115,76,79,78,3,40,121,94,34,70,108,38,64,58,48,84,28,12,114,106,118,72,100,82,90,52,88,24,132,120,130,103,60,96,30,66,54,102,42,112,124,46,16,4,18,109,6,22,126,10,36
5,23,17,29,11,111,35,59,105,87,81,123,99,65,93,131,125,117,119,113,95,101,53,39,69,83,127,41,63,71,107,57,129,47,89,51,115,75,45,79,121,7,109,56,43,73,91,31,3,97,33,92,62,50,98,55,122,27,103,85,20,128,49,37,116,14,13,46,104,86,25,48,8,76,38,26,82,42,54,90,19,132,130,110,120,126,114,106,64,96,12,84,44,68,58,124,108,102,78,18,10,34,77,2,60,6,100,88,22,70,9,67,66,28,40,80,74,4,112,36,15,16,1,72,30,52,61,32,118,21,24,94
